coef,se,fake_post_crashes
-0.07343398707033749,0.1111622343354367,208
0.0996292821125293,0.11405015804068439,231
0.017009675593111832,0.10538847070706567,220
-0.1856835310547998,0.11277661864929672,194
0.21393859988429814,0.11516406547757989,231
0.1407798239738119,0.11587201450279358,233
-0.015905594391464602,0.11131822181947298,216
-0.12306090131723942,0.11587715656692983,196
-0.0934426669360613,0.12948582394119204,197
-0.12874096149265668,0.11073277809978731,208
-0.05386146942901522,0.09309026842354205,224
0.09280875641230572,0.10090214912092449,212
-0.07230086118971137,0.11016440030612135,202
-0.04538362191301626,0.10647695874821607,210
-0.13588009029701445,0.10331878240166896,205
0.0606808331259671,0.1117938152795491,208
-0.06146871157837806,0.10800202493953237,208
-0.013184241405483353,0.10600413239572944,219
-0.06663265980533792,0.11529226686783726,213
0.011983807250188657,0.09653862301023786,217
0.06447154504745782,0.12482112622931531,207
-0.15029975311880653,0.11158600242295273,193
0.0487485141059324,0.12606278233759552,212
0.00559007324395364,0.12074107603536886,208
-0.05180738744464332,0.1128382794848685,209
0.07039337613030101,0.11735520146855402,218
0.12824640789353361,0.12398783993658254,222
0.1679913538300665,0.10462721368434995,217
-0.006744164794037322,0.11425969458069693,214
0.05103236020719193,0.11817819680452174,214
-0.020456458101587617,0.11092727233166291,209
-0.24930020539304476,0.1067372513143122,190
-0.14571065362103072,0.10609493708466863,205
-0.27738781151951014,0.1099649441406714,198
-0.12487189175912426,0.12466348173893319,199
-0.00030939412481866376,0.13496967643836955,213
-0.08275375166994144,0.11416167262494736,211
0.23257783686505631,0.09681263756718239,231
-0.19406684777863964,0.10735547984625894,191
-0.17046894059884993,0.11554174956475763,200
0.19043467764990413,0.11946722224190359,247
-0.04219645054490055,0.11560715062626,212
-0.06601919454897608,0.09380992578295595,218
0.019398309667478266,0.12174040888598982,210
0.1657524220663602,0.09673163420990578,233
0.019685734687190263,0.12572740169081187,215
0.21326286944247394,0.11740518898579554,222
-0.1527818051421623,0.12740081579840587,199
0.2286264142076548,0.11852115646563466,234
-0.05169095552352276,0.13099600522516364,216
-0.0481567319788025,0.1236253040337537,211
0.10872473412668314,0.11581241105174644,212
0.21361695402214045,0.08993838679690169,241
0.050081246839092236,0.10428885816099595,222
-0.09300279607713681,0.1236683650527927,209
0.08550369293188761,0.11794728798659804,213
-0.03630961309676175,0.11474783040727662,212
0.0007043311007921666,0.10148909561039153,210
-0.09966124816720652,0.12446055629435059,212
0.03503494730871607,0.1034316178632334,223
-0.07104124338344606,0.11126027424118874,212
-0.11426895637865388,0.1070390489159782,199
-0.011825286089884481,0.11190047190306891,216
-0.01447874461988459,0.13845857228611413,213
-0.10975853898572983,0.11334646446901613,208
-0.26945647499354625,0.12013362820358474,193
-0.08065251100726242,0.12738209752643367,207
-0.06705421463338988,0.09973094050851075,214
-0.0695557111284608,0.11693302170060016,204
-0.12579346316621637,0.105735404270611,204
-0.013198341284620815,0.1170316730159614,205
-0.18844268923800356,0.11781582404690041,194
-0.0882932437275019,0.1063488084306719,198
0.015952694648079118,0.12591924973016208,212
0.018181879189827443,0.100851809448439,228
0.08728963178668818,0.10702696651866715,218
-0.17152176019248336,0.12057483307034249,192
0.10546507269546813,0.09475222286563703,225
-0.029471783134500096,0.13488571080514142,217
0.2692617126021285,0.10694068629146265,236
0.02389094608791334,0.11353037743460938,211
0.005405502188542738,0.11074859599036295,218
0.04685155858619267,0.1105619271091639,215
-0.08713834196910632,0.12039054036850512,205
-0.005898962996140899,0.11577516768064425,221
0.008228194420037837,0.1100413190100623,206
0.2412894103137988,0.10701472231890567,219
0.011750475259261824,0.1145133244630741,220
-0.04723921659420452,0.12720761423760557,200
-0.0605168211940206,0.10419593398859192,212
-0.06782960152952727,0.1067184729720079,208
-0.012440402769235187,0.11792012893519836,202
-0.07277424697860138,0.11536684051936143,223
-0.06750323101467207,0.09713913173243965,204
-0.07529174061965345,0.10568570959291133,210
-0.12908603067829952,0.11562032050414413,210
-0.13825739802404233,0.13123890796440146,194
0.14141675598367295,0.1126765624767468,221
-0.1422632501860833,0.1315202305053461,199
-0.09367761075539216,0.11026547717207628,195
-0.14011991686190006,0.13137894987846072,198
-0.11611021066028542,0.11126196088442,214
0.15132365108962537,0.0977656303513733,237
-0.018814024687464407,0.12541007582643401,211
0.024864158806124147,0.12344302997588194,207
0.05857441501067487,0.13393790607071868,215
0.11246605041115464,0.10660625357957698,218
-0.08045453788405607,0.11721848556241293,202
0.1707368241414584,0.11055884566725317,218
-0.08720841414252783,0.1251850990234497,199
-0.23315197466155457,0.11067310483958404,204
0.03432396739845212,0.11975404522315672,206
0.05094985930511277,0.1246502722161462,215
0.1985834513115445,0.12127021013085838,238
-0.020484797453098048,0.11960166127884052,203
-0.004294863788575382,0.09820999739971431,222
-0.23539022282538055,0.10494225974873891,199
-0.28284541260697976,0.09559499857538208,194
0.2712653235410029,0.11061965350859848,246
0.10533840106889694,0.10892184547849608,225
0.22973516555136805,0.10651530249889699,230
0.045179645363630554,0.11051609334772212,221
0.06879409899737615,0.10643957821186449,229
-0.017796196796137944,0.11178730443208168,226
-0.2330309992002363,0.15467355915132308,195
0.05589177768294029,0.12269567308846033,215
-0.04362208834432125,0.11320120807095876,204
0.03713719627381057,0.09271445864595602,231
0.13257845894965511,0.10595294639011983,220
-0.22255386098195096,0.09823614205735914,198
0.020712597346798305,0.13313117930562438,221
0.038498937324722635,0.11555837164380063,225
-0.13868365451973852,0.10479534022112265,207
0.00909811554354284,0.11851623663949863,207
0.04028699387396146,0.10837497045786595,207
0.11892923149371286,0.10229572478900412,204
0.007609173905183738,0.11145682449570449,208
0.11417068243809725,0.1236244687858582,223
-0.017272694638991636,0.1101452961766566,209
0.08251317817008018,0.11842317709874765,216
-0.03402454107377415,0.1179186570354921,218
-0.08793019155196231,0.11954959677366585,214
0.0664821596931478,0.10618435815916176,219
-0.0970432875381739,0.1208072567798896,223
0.05300655185032461,0.10403000522454399,225
0.03129036610586267,0.10401585926498882,223
-0.0725330462540969,0.11526371888093294,198
0.008028689495784537,0.10911733876283577,221
-0.05950743083702293,0.09963181745550335,211
-0.0803797637218499,0.11352809597610738,209
0.05955834412044737,0.10261699044682154,214
0.06158900093399485,0.10349122120477183,222
-0.06363030643865625,0.10992104529516304,193
-0.00822771043873423,0.097490909803556,220
-0.06689256591213978,0.09946111487639045,218
0.1441100734009363,0.10071822962136691,226
-0.17623902433810884,0.13216313172097963,188
-0.11601820407927477,0.09847736382887871,198
0.14057583458891743,0.1362362839726528,217
-0.07141023736119365,0.10865658950427584,213
0.00938128193041976,0.10827888987024074,226
-0.10675652839320923,0.1290277300450399,200
0.022255898837233883,0.12857693647803958,201
0.022527915778904943,0.12441448404442991,209
0.04936666743869439,0.12596467274208453,221
-0.1637767591137194,0.11203273050698534,187
0.1298172431325796,0.09491769814252446,234
-0.158241730096264,0.10733120894987366,202
-0.10739173547479121,0.11392875027272076,220
0.054052783626864914,0.10177790480010607,224
-0.05913334041345396,0.1323602411587079,208
-0.13306302749361165,0.11540929925893187,212
-0.08365375055766511,0.11834949131466437,199
0.047631780375929245,0.09634705037243801,225
-0.1084904470985458,0.10358840117263902,210
-0.06958016469394665,0.11424359800222228,208
-0.050252761805094234,0.10734375011809168,203
-0.16864076436032954,0.11075825738428385,197
0.061777375622048124,0.10922844461556394,212
0.03891769022254835,0.11122725928924972,206
0.03208645447134118,0.10869444721269238,226
-0.05204425894711262,0.12122993712409805,228
-0.011721826498486104,0.12493950498214101,208
0.046455303446159835,0.10928463161132762,207
-0.2529077966439298,0.13158182726676979,183
0.01752416142008181,0.11145554218341015,218
0.1329418472710668,0.12019022907400598,226
0.12784535368359726,0.10903614705213718,230
-0.1702633993359472,0.11873272144236056,199
-0.046157466285251074,0.1059732903660892,211
-0.05656215427735066,0.1165193964381384,213
-0.06164800084557836,0.12060443306657512,203
-0.016032308174818526,0.10715013456201525,222
-0.08617813038949211,0.10542440973535067,219
0.16609900722895996,0.09848837313677514,229
0.05392212895605872,0.10491308706665674,226
-0.006871137051087422,0.130959474370969,205
-0.04129073893544279,0.09960221584925506,210
0.04941574175476599,0.1087342819842019,224
-0.21690571610535586,0.11167740511975767,202
