stratum,control_y,treated_y,treated_segs,control_segs
Auckland|50|2023H1|arterial,168,283,872,486
Auckland|30|2023H1|local,19,184,3347,381
State Highways|80|none|highway,896,183,1666,4245
Auckland|30|none|local,142,49,1451,1518
State Highways|60|none|highway,386,49,250,1678
State Highways|80|2023H2|arterial,9,49,428,64
State Highways|50|none|highway,1411,43,178,4827
State Highways|80|none|arterial,380,34,286,3473
State Highways|90|none|highway,42,31,524,270
Auckland|60|2023H1|arterial,72,31,131,368
State Highways|80|2022H2|highway,11,30,185,39
State Highways|80|2022H2|arterial,0,24,376,14
Auckland|50|none|arterial,5009,19,131,16004
Auckland|30|2023H1|arterial,27,14,63,189
Auckland|30|none|arterial,208,7,21,586
State Highways|60|2024H1|highway,0,7,17,22
State Highways|50|none|arterial,684,6,36,3965
Auckland|30|2024H2|local,20,6,149,809
South Taranaki District|30|2023H2|local,3,6,105,4
Christchurch City|30|none|local,78,4,17,1428
State Highways|60|2022H2|highway,2,4,25,17
Far North District|50|none|arterial,23,3,2,101
Auckland|30|2024H2|arterial,10,2,28,38
Taupo District|50|2023H1|arterial,0,2,18,13
Auckland|50|2023H1|highway,0,1,10,6
Far North District|40|2024H2|local,5,1,21,625
Waitaki District|60|none|local,13,1,39,596
Whangarei District|30|2023H2|arterial,0,1,6,6
State Highways|50|none|local,16,1,14,227
State Highways|60|2023H2|local,0,1,2,2
Napier City|50|none|local,154,1,19,3201
State Highways|50|2023H1|highway,0,1,21,11
State Highways|60|2023H2|arterial,30,1,20,238
Masterton District|30|2024H1|local,0,1,23,10
State Highways|80|2024H1|highway,1,1,12,2
Far North District|30|2024H2|local,1,0,12,150
Far North District|40|none|arterial,1,0,2,10
Auckland|50|none|local,2186,0,15,48269
Auckland|50|2023H1|local,8,0,25,80
Ashburton District|30|2023H2|local,2,0,1,76
Auckland|50|none|highway,16,0,5,137
Napier City|50|none|arterial,180,0,8,737
State Highways|60|none|arterial,106,0,1,742
Hamilton City|30|2024H1|local,11,0,7,179
State Highways|60|none|local,2,0,1,76
State Highways|90|none|local,1,0,3,3
Tauranga City|50|none|local,322,0,4,7802
Tasman District|50|none|local,55,0,1,2681
Timaru District|60|2024H2|local,3,0,12,110
Timaru District|30|2024H2|local,2,0,13,97
