coef,se
0.016680305122218086,0.09964146958398055
0.041151509002311036,0.1257039814928935
-0.0903545074481416,0.10593930962830164
0.24005410564002785,0.09964564763756537
0.024818395792967362,0.10656118403156825
0.03283838481627832,0.09501765083448456
-0.0047943540378326994,0.09515933371529485
0.10420256336429819,0.10782306412852292
-0.21163519882556475,0.12081527237339042
-0.0947141539730671,0.11639237832042465
-0.012945985871489261,0.10267235079682255
0.07853330899172863,0.09873861882827616
0.14735189927676445,0.11785018924300623
-0.01149079839678278,0.10388980418931704
-0.1405587401819585,0.1212882428105446
0.00541308171734655,0.10150814902231609
0.22705896935843592,0.09247913045477935
-0.030913268728750238,0.10642784469391103
0.02633194380124946,0.09485012001162683
0.027163533626229235,0.10335085898165244
0.05506560230078939,0.14484876080960102
-0.17656106847005723,0.10986914919744192
0.1117501566195324,0.10264129859860874
-0.056198892052318275,0.11833469043028018
0.2602071459041455,0.09912265161001503
-0.0011251248045250214,0.09705813319529477
-0.017432538035917784,0.10558237309456564
-0.01420484274785551,0.10039495618523317
0.02110278292024428,0.10402246399329318
0.007203634980556545,0.11542259564082358
0.10916469068740707,0.10607523344723047
-0.11312664190902547,0.10918015542251511
0.15763119884317553,0.1089232052685725
-0.03884160958927174,0.10986137004801427
0.05322837827468447,0.10010533380369711
-0.15007831683844447,0.13604117429321394
-0.0654882802793008,0.11140271327577243
0.07479479940280301,0.0997814452806746
-0.07372165628316234,0.10757114102201022
-0.08849547964279077,0.10088028484265438
0.038380327651577485,0.10251398312740077
0.12844113659635895,0.10271911903424213
-0.014343585488155777,0.10335157251094855
0.057065969362079694,0.1026895029487848
-0.03885719703439949,0.10795472061115427
0.05543224724249465,0.13326286817931
-0.014045429648749426,0.09765815827989188
0.1273925091616189,0.08414473467883106
-0.028985822732003987,0.10117576463050439
-0.1273098038393311,0.10056900325675781
-0.11463815731881388,0.09851004991493663
-0.08576140316267503,0.1076109953116812
-0.04577876417529377,0.11124910504704141
0.07632578383145398,0.0997492285559108
0.019088261044982447,0.1069896969734783
0.1545572642036511,0.10314482971345695
-0.02547553778890764,0.10015717659369994
0.020598428831639898,0.12195222203245856
0.1535119143731819,0.10344147290054813
-0.19239279568770337,0.11540440297657303
0.25171515415619283,0.11631323035309298
-0.07569407139624225,0.11501087994074741
0.010582087899325689,0.10548611110460393
0.09874516140149997,0.10063981458815234
0.014286833276393239,0.1121908971910611
-0.13299731432125572,0.09214114860603706
-0.05575472570838206,0.09950545806285356
-0.10862598476178212,0.10696394359103346
-0.09940446317079285,0.10363994930460609
0.13468123634594656,0.12148300572762284
-0.13245614791673582,0.1110109162751465
0.032648616435603905,0.09859662702373757
0.029172805434559797,0.09313140399442173
0.029398733721081077,0.10874034219977012
0.022095576609207794,0.09621911327500608
-0.07632990447816974,0.0890692355935234
-0.10403285686286479,0.09852660936469301
-0.08213450182560686,0.11012956378666493
0.021298401225912606,0.09883476297237831
0.003908775346811182,0.1165193217405389
0.12762252566651933,0.11056927914992618
0.017083094875492158,0.11539057747043945
0.1104195507088937,0.1013538989498936
-0.13481213637829262,0.09084081504251845
0.20860688269152236,0.11292720630947387
-0.14511463192294802,0.10414075679050012
-0.02742351215622146,0.1103699967514254
0.11458801442105612,0.10667649758976867
0.17434160334700724,0.10229927241334962
-0.14346936198663487,0.097331591264971
0.03524471618161814,0.09770546356173421
-0.020033681526931288,0.10931733161778617
0.11409261049899713,0.10294922505859529
0.1372959442798449,0.10218541692490189
-0.07541246841760713,0.10336592342966276
-0.023106969090684444,0.10580719351743001
0.006201987533976639,0.11155602122987834
0.058209539140163254,0.09610672172113656
0.03839941557883549,0.11136246865969189
-0.022857977037972096,0.110532430315271
-0.012241267683529327,0.09598831798905476
0.340885351770391,0.09579963602765815
0.185027924476078,0.10146248402817316
0.1252120380411855,0.09273665595643688
0.09951889902793483,0.10548799043245377
-0.2271222927943407,0.10572099158463115
-0.07609654761076597,0.09546020774960172
0.01350326782232421,0.10308508505890221
-0.24594425041712925,0.10308905901787324
0.0836465129167736,0.09535729137128365
0.05590529843785958,0.10022795063585375
0.08370393217005663,0.10341646791550711
-0.09651737572241618,0.10663651277443052
0.04530083118789534,0.1117284562059577
-0.037253893732288344,0.10642351190344157
-0.1859570727596663,0.10283518021861791
0.1881007672415077,0.09975643651625214
-0.057732938292952785,0.10859038632171138
-0.001204189506700575,0.11362504288224899
-0.03278811738993518,0.10640783785065949
-0.012466870025870824,0.11092541857806905
0.25625841430510105,0.11236490796902912
0.1595992028721099,0.09297808578485005
0.11170454676240275,0.0958724341862285
-0.061566630481734545,0.10335378770143384
0.08937323378974954,0.09162298721244895
-0.09313000879430147,0.09753414102387331
0.07535819938192825,0.10595307658900216
-0.036028384752093655,0.08954449988642066
-0.04197512469884487,0.09982688253576856
0.1614090684561128,0.10758709598897018
-0.12150332376466554,0.11472039682606038
-0.03059834525280572,0.10714090836046329
-0.08151292640862665,0.1088835916631258
0.10687711920368703,0.09677565964555632
-0.11141197079904673,0.1049907357158372
0.05065299326415153,0.10184515838389104
0.01543223065871916,0.0957880346247165
0.006708567975550967,0.09944960568817182
0.03364998436938246,0.10075949032773464
-0.1055801679800444,0.10407341900284497
0.01722992396556038,0.10991273710269464
0.19034951506895076,0.09303808315121806
0.06230154053548959,0.10189908414288955
0.025797413278787134,0.09655964175977043
0.0879551194204357,0.09732778420117123
0.09526675397823865,0.09543582294122327
0.06460776842548295,0.09149406791915944
-0.13616391982201398,0.11282177548974022
-0.19123217433925105,0.09974670649146809
0.13645163901953802,0.1122343950302972
-0.07807125726861257,0.12935179167583885
0.06027303110039737,0.11087384706809723
-0.037230301720799296,0.0936904804416842
0.08770121078068613,0.09845585302432988
0.04342951184149715,0.09816115867837356
-0.09027318839544739,0.11050088584562194
-0.07805302364652807,0.09646376052923024
-0.1537782767625362,0.10557337371252765
-0.04050624932772343,0.09827635855250023
0.19830889293828916,0.1019450058029505
0.008600138412561955,0.108772011733473
-0.3103934684104954,0.12850038127296992
0.1000116160065575,0.10637146094631403
0.05438246856588327,0.09944625593410655
-0.18437799023577578,0.10533187902750861
0.04213892562696804,0.10154553905119322
0.0028468104612921147,0.11328370800869497
0.10018689025747486,0.1057864509584931
-0.023799596295393785,0.11079912360897938
0.04705889721565692,0.09554219552592061
-0.12330903991138428,0.10491646492623283
-0.1132646628531185,0.1135176959126843
-0.0125983542804517,0.10760836655454485
0.0976775603317625,0.09553785442439076
-0.24184398890030417,0.10427510194695531
0.09053902897262782,0.1052762727174121
-0.15100010986337492,0.10779858330002925
0.007430474207382105,0.1082851451142168
0.10851407220793871,0.09678199607458758
0.02960159081022542,0.11187179623459377
0.08328788813343549,0.10770405074772159
0.05264341767015663,0.10960723627121767
0.03897655571666367,0.10431804256755337
0.015733715667843033,0.10756626370753306
0.11753354537334276,0.10877431252934326
0.0023272844425701166,0.11623618640603695
0.152688707621783,0.09841725943034839
-0.28722275252296403,0.10293820735803817
-0.10135892158760879,0.10661473714041884
0.08566110257288391,0.10159278086757816
0.028873894137970122,0.10459311960134735
-0.19571604815234614,0.10872132008907048
0.06271334161691966,0.10436300743037966
0.007412253634620573,0.0996743560564404
0.07262152024019296,0.10738712361169449
-0.0013723459418443981,0.10716832912801816
-0.14917276274411945,0.10021911739706274
-0.06595157850070409,0.09395782359090445
-0.16145878244939288,0.11988741747859019
