item,corpus,corpus_id,tier
test/mathd_numbertheory_1124,dsp_v1,thm_23250,L1
test/mathd_algebra_398,dsp_v1,thm_15683,L1
test/mathd_algebra_398,dsp_v1,thm_341,L1
test/mathd_algebra_398,dsp_v1,thm_15017,L2
test/amc12b_2002_p19,dsp_v1,thm_16500,L1
test/amc12b_2002_p19,dsp_v1,thm_112,L1
test/amc12b_2002_p19,dsp_v1,thm_8491,L1
test/mathd_numbertheory_320,dsp_v1,thm_13526,L1
test/mathd_algebra_148,dsp_v1,thm_21812,L1
test/mathd_algebra_246,dsp_v1,thm_58,L1
test/mathd_algebra_246,dsp_v1,thm_3637,L1
test/mathd_algebra_246,dsp_v1,thm_1445,L1
test/mathd_algebra_246,dsp_v1,thm_497,L1
test/mathd_numbertheory_185,dsp_v1,thm_919,L1
test/mathd_numbertheory_582,dsp_v1,thm_3616,L2
valid/mathd_numbertheory_48,dsp_v1,thm_8025,L2
valid/mathd_numbertheory_48,dsp_v1,thm_17865,L1
valid/mathd_numbertheory_284,dsp_v1,thm_12785,L1
valid/mathd_numbertheory_301,dsp_v1,thm_9948,L1
valid/amc12a_2013_p7,dsp_v1,thm_4685,L1
valid/mathd_algebra_144,dsp_v1,thm_150,L1
valid/mathd_algebra_109,dsp_v1,thm_22679,L1
valid/mathd_algebra_109,dsp_v1,thm_22398,L1
valid/mathd_numbertheory_370,dsp_v1,thm_1123,L1
valid/mathd_numbertheory_370,dsp_v1,thm_6785,L1
valid/mathd_numbertheory_370,dsp_v1,thm_9672,L1
test/amc12b_2002_p19,dsp_v1,thm_10841,L1
test/amc12b_2002_p19,dsp_v1,thm_7816,L1
test/amc12b_2002_p19,dsp_v1,thm_8176,L1
valid/mathd_numbertheory_335,dsp_v1,thm_12654,L1
valid/mathd_numbertheory_370,dsp_v1,thm_11713,L1
valid/mathd_numbertheory_370,dsp_v1,thm_17587,L1
valid/amc12_2001_p2,goedel_lwproofs,lean_workbook_plus_76401,L0
valid/amc12_2001_p2,goedel_lwproofs,lean_workbook_plus_76401,L1
test/imo_1983_p6,goedel_lwproofs,lean_workbook_49288,L1
test/imo_1983_p6,goedel_lwproofs,lean_workbook_20459,L1
test/imo_1983_p6,goedel_lwproofs,lean_workbook_plus_69144,L1
test/imo_1983_p6,goedel_lwproofs,lean_workbook_plus_68685,L1
test/aime_1994_p3,goedel_lwproofs,lean_workbook_plus_44384,L1
test/aime_1990_p15,goedel_lwproofs,lean_workbook_42056,L1
test/aime_1990_p15,goedel_lwproofs,lean_workbook_plus_13812,L1
test/aime_1990_p15,goedel_lwproofs,lean_workbook_17389,L1
valid/algebra_xmysqpymzsqpzmxsqeqxyz_xpypzp6dvdx3y3z3,goedel_lwproofs,lean_workbook_46653,L1
valid/algebra_xmysqpymzsqpzmxsqeqxyz_xpypzp6dvdx3y3z3,goedel_lwproofs,lean_workbook_52254,L1
valid/algebra_apb4leq8ta4pb4,goedel_lwproofs,lean_workbook_18872,L2
valid/amc12a_2017_p2,goedel_lwproofs,lean_workbook_7540,L1
test/algebra_amgm_sumasqdivbgeqsuma,goedel_lwproofs,lean_workbook_17865,L1
test/algebra_amgm_sumasqdivbgeqsuma,goedel_lwproofs,lean_workbook_plus_45226,L1
valid/algebra_apb4leq8ta4pb4,goedel_lwproofs,lean_workbook_plus_73986,L1
valid/algebra_xmysqpymzsqpzmxsqeqxyz_xpypzp6dvdx3y3z3,goedel_lwproofs,lean_workbook_45778,L1
valid/algebra_xmysqpymzsqpzmxsqeqxyz_xpypzp6dvdx3y3z3,goedel_lwproofs,lean_workbook_plus_59721,L1
valid/numbertheory_sqmod4in01d,goedel_lwproofs,lean_workbook_40247,L1
valid/numbertheory_sqmod4in01d,goedel_lwproofs,lean_workbook_6235,L1
valid/numbertheory_sqmod4in01d,goedel_lwproofs,lean_workbook_plus_46374,L1
valid/mathd_algebra_101,goedel_lwproofs,lean_workbook_2546,L2
test/amc12b_2021_p3,goedel_pset,Goedel-Pset-558502,L0
test/imo_1959_p1,goedel_pset,Goedel-Pset-1238965,L0
test/algebra_absapbon1pabsapbleqsumabsaon1pabsa,goedel_pset,Goedel-Pset-250329,L0
test/amc12b_2002_p19,goedel_pset,Goedel-Pset-867551,L0
test/aime_1984_p7,goedel_pset,Goedel-Pset-187220,L0
test/amc12b_2020_p13,goedel_pset,Goedel-Pset-157314,L0
valid/amc12_2001_p2,goedel_pset,Goedel-Pset-914962,L0
valid/mathd_numbertheory_709,goedel_pset,Goedel-Pset-195574,L0
valid/amc12_2000_p11,goedel_pset,Goedel-Pset-1189891,L0
valid/numbertheory_nckeqnm1ckpnm1ckm1,goedel_pset,Goedel-Pset-503398,L0
valid/numbertheory_nckeqnm1ckpnm1ckm1,goedel_pset,Goedel-Pset-503398,L1
test/imo_1959_p1,goedel_pset,Goedel-Pset-1238965,L1
valid/amc12_2001_p2,goedel_pset,Goedel-Pset-914962,L1
test/algebra_absapbon1pabsapbleqsumabsaon1pabsa,goedel_pset,Goedel-Pset-250329,L1
test/amc12b_2002_p19,goedel_pset,Goedel-Pset-867551,L1
test/amc12b_2021_p3,goedel_pset,Goedel-Pset-558502,L1
valid/mathd_numbertheory_709,goedel_pset,Goedel-Pset-195574,L1
valid/amc12_2000_p11,goedel_pset,Goedel-Pset-1189891,L1
test/amc12b_2020_p13,goedel_pset,Goedel-Pset-157314,L1
test/aime_1984_p7,goedel_pset,Goedel-Pset-187220,L1
test/imo_1983_p6,goedel_pset,Goedel-Pset-1503671,L1
test/imo_1983_p6,goedel_pset,Goedel-Pset-186003,L1
test/imo_1977_p6,goedel_pset,Goedel-Pset-316922,L2
test/imo_1960_p2,goedel_pset,Goedel-Pset-336471,L2
test/algebra_sqineq_at2malt1,goedel_pset,Goedel-Pset-1222881,L2
test/algebra_sqineq_at2malt1,goedel_pset,Goedel-Pset-982374,L2
test/algebra_sqineq_at2malt1,goedel_pset,Goedel-Pset-722447,L2
test/algebra_sqineq_at2malt1,goedel_pset,Goedel-Pset-1618977,L2
test/imo_1959_p1,goedel_pset,Goedel-Pset-54908,L2
test/imo_1959_p1,goedel_pset,Goedel-Pset-883021,L1
test/imo_1959_p1,goedel_pset,Goedel-Pset-536332,L2
test/induction_sumkexp3eqsumksq,goedel_pset,Goedel-Pset-44359,L1
test/numbertheory_2pownm1prime_nprime,goedel_pset,Goedel-Pset-1640931,L2
test/imo_1981_p6,goedel_pset,Goedel-Pset-667566,L2
test/imo_1962_p2,goedel_pset,Goedel-Pset-739961,L2
test/imo_1962_p2,goedel_pset,Goedel-Pset-1021708,L2
test/amc12a_2021_p14,goedel_pset,Goedel-Pset-1701849,L1
test/mathd_numbertheory_435,goedel_pset,Goedel-Pset-1180270,L2
test/imo_1984_p6,goedel_pset,Goedel-Pset-1667289,L2
test/amc12a_2021_p18,goedel_pset,Goedel-Pset-356519,L2
test/mathd_numbertheory_100,goedel_pset,Goedel-Pset-906197,L2
test/amc12b_2002_p4,goedel_pset,Goedel-Pset-52988,L2
test/amc12b_2002_p19,goedel_pset,Goedel-Pset-720398,L2
test/amc12a_2021_p8,goedel_pset,Goedel-Pset-1274366,L1
test/amc12b_2020_p22,goedel_pset,Goedel-Pset-1113839,L1
test/mathd_algebra_113,goedel_pset,Goedel-Pset-943189,L1
test/induction_1pxpownlt1pnx,goedel_pset,Goedel-Pset-1476681,L1
test/imo_2019_p1,goedel_pset,Goedel-Pset-430912,L1
test/mathd_algebra_246,goedel_pset,Goedel-Pset-202210,L1
test/imo_1964_p2,goedel_pset,Goedel-Pset-539229,L1
test/amc12a_2008_p25,goedel_pset,Goedel-Pset-701238,L1
test/imo_1968_p5_1,goedel_pset,Goedel-Pset-359150,L2
test/imo_1968_p5_1,goedel_pset,Goedel-Pset-502190,L1
test/aime_1990_p15,goedel_pset,Goedel-Pset-104227,L1
test/imo_1968_p5_1,goedel_pset,Goedel-Pset-1712354,L2
test/imo_1968_p5_1,goedel_pset,Goedel-Pset-1203121,L2
test/imo_1968_p5_1,goedel_pset,Goedel-Pset-1644354,L2
test/imo_1968_p5_1,goedel_pset,Goedel-Pset-29250,L2
test/aime_1983_p2,goedel_pset,Goedel-Pset-889674,L2
valid/amc12a_2015_p10,goedel_pset,Goedel-Pset-592058,L1
valid/amc12a_2019_p21,goedel_pset,Goedel-Pset-1146222,L1
valid/amc12a_2019_p21,goedel_pset,Goedel-Pset-365564,L1
valid/imo_1964_p1_2,goedel_pset,Goedel-Pset-1585198,L1
valid/induction_divisibility_3divnto3m2n,goedel_pset,Goedel-Pset-1178853,L2
valid/amc12_2000_p5,goedel_pset,Goedel-Pset-232042,L1
valid/aime_1994_p4,goedel_pset,Goedel-Pset-866214,L1
valid/aime_1994_p4,goedel_pset,Goedel-Pset-1025244,L2
valid/amc12a_2021_p7,goedel_pset,Goedel-Pset-899808,L1
valid/amc12a_2021_p7,goedel_pset,Goedel-Pset-849376,L1
valid/numbertheory_sumkmulnckeqnmul2pownm1,goedel_pset,Goedel-Pset-265200,L1
valid/numbertheory_sumkmulnckeqnmul2pownm1,goedel_pset,Goedel-Pset-1257290,L2
valid/amc12b_2004_p3,goedel_pset,Goedel-Pset-105547,L1
valid/mathd_numbertheory_709,goedel_pset,Goedel-Pset-879908,L1
valid/amc12a_2013_p8,goedel_pset,Goedel-Pset-345101,L1
valid/imo_1973_p3,goedel_pset,Goedel-Pset-644586,L1
valid/aime_1983_p9,goedel_pset,Goedel-Pset-1320443,L1
valid/mathd_algebra_410,goedel_pset,Goedel-Pset-1248734,L2
valid/mathd_algebra_77,goedel_pset,Goedel-Pset-1368908,L2
valid/imo_1974_p5,goedel_pset,Goedel-Pset-135127,L1
valid/amc12a_2016_p2,goedel_pset,Goedel-Pset-267573,L1
valid/imo_1966_p4,goedel_pset,Goedel-Pset-314067,L2
valid/imo_1966_p4,goedel_pset,Goedel-Pset-1198130,L2
valid/imo_1966_p4,goedel_pset,Goedel-Pset-309085,L2
valid/imo_1993_p5,goedel_pset,Goedel-Pset-760041,L2
valid/imo_1993_p5,goedel_pset,Goedel-Pset-35719,L2
test/aime_1983_p2,goedel_pset,Goedel-Pset-1597282,L2
test/aime_1990_p15,goedel_pset,Goedel-Pset-1154417,L1
test/aime_1990_p15,goedel_pset,Goedel-Pset-1123276,L1
test/aime_1990_p15,goedel_pset,Goedel-Pset-1661589,L1
test/aime_1990_p15,goedel_pset,Goedel-Pset-649148,L1
test/aime_1990_p15,goedel_pset,Goedel-Pset-439660,L1
test/aime_1984_p7,goedel_pset,Goedel-Pset-1613697,L1
test/algebra_absapbon1pabsapbleqsumabsaon1pabsa,goedel_pset,Goedel-Pset-783704,L1
test/amc12_2000_p20,goedel_pset,Goedel-Pset-1356928,L1
test/amc12a_2019_p12,goedel_pset,Goedel-Pset-579126,L1
test/amc12a_2002_p6,goedel_pset,Goedel-Pset-1424476,L2
test/imo_1959_p1,goedel_pset,Goedel-Pset-733683,L1
test/imo_1963_p5,goedel_pset,Goedel-Pset-102024,L1
test/imo_1964_p2,goedel_pset,Goedel-Pset-147307,L1
test/imo_1964_p2,goedel_pset,Goedel-Pset-366168,L1
test/imo_1974_p3,goedel_pset,Goedel-Pset-1566957,L1
test/imo_1974_p3,goedel_pset,Goedel-Pset-237689,L1
test/imo_1974_p3,goedel_pset,Goedel-Pset-30938,L1
test/imo_1974_p3,goedel_pset,Goedel-Pset-701705,L1
test/imo_1997_p5,goedel_pset,Goedel-Pset-1016422,L1
test/induction_1pxpownlt1pnx,goedel_pset,Goedel-Pset-1001871,L2
test/induction_sumkexp3eqsumksq,goedel_pset,Goedel-Pset-956831,L1
test/induction_sumkexp3eqsumksq,goedel_pset,Goedel-Pset-1639476,L2
test/induction_sumkexp3eqsumksq,goedel_pset,Goedel-Pset-1550679,L1
valid/aime_1988_p4,goedel_pset,Goedel-Pset-1341427,L1
valid/aime_1988_p4,goedel_pset,Goedel-Pset-1342994,L1
valid/amc12_2001_p2,goedel_pset,Goedel-Pset-152383,L1
valid/amc12_2000_p5,goedel_pset,Goedel-Pset-997900,L1
valid/amc12a_2009_p9,goedel_pset,Goedel-Pset-1387701,L1
valid/amc12a_2009_p9,goedel_pset,Goedel-Pset-1681818,L1
valid/amc12a_2016_p2,goedel_pset,Goedel-Pset-754277,L1
valid/amc12a_2021_p7,goedel_pset,Goedel-Pset-1264853,L1
valid/amc12a_2016_p2,goedel_pset,Goedel-Pset-288935,L2
valid/imo_1964_p1_1,goedel_pset,Goedel-Pset-113182,L2
valid/imo_1964_p1_1,goedel_pset,Goedel-Pset-704509,L2
valid/imo_1964_p1_2,goedel_pset,Goedel-Pset-1007082,L1
valid/imo_1964_p1_2,goedel_pset,Goedel-Pset-1059484,L1
valid/imo_1964_p1_2,goedel_pset,Goedel-Pset-1577328,L1
valid/imo_1964_p1_2,goedel_pset,Goedel-Pset-1236511,L1
valid/imo_1964_p1_2,goedel_pset,Goedel-Pset-531735,L1
valid/imo_1964_p1_2,goedel_pset,Goedel-Pset-229757,L1
valid/imo_1973_p3,goedel_pset,Goedel-Pset-138485,L1
valid/imo_1973_p3,goedel_pset,Goedel-Pset-5557,L1
valid/imo_1987_p4,goedel_pset,Goedel-Pset-276420,L1
valid/imo_1987_p4,goedel_pset,Goedel-Pset-1161799,L1
valid/imo_1987_p4,goedel_pset,Goedel-Pset-638391,L1
valid/imo_1987_p4,goedel_pset,Goedel-Pset-664709,L1
valid/mathd_numbertheory_32,goedel_pset,Goedel-Pset-984364,L1
valid/numbertheory_2dvd4expn,goedel_pset,Goedel-Pset-1416317,L2
valid/numbertheory_sqmod3in01d,goedel_pset,Goedel-Pset-187119,L1
valid/numbertheory_prmdvsneqnsqmodpeq0,goedel_pset,Goedel-Pset-996498,L2
test/imo_1963_p5,numina_lean,505a666e-5e1a-589c-bf72-dcf0b8eb9fe5,L0
test/mathd_algebra_432,numina_lean,65a1d7bb-9905-5897-b3a7-d54bc276aa07,L0
test/mathd_algebra_427,numina_lean,76d9772f-0a6b-5f15-b50a-babe493d644b,L0
test/mathd_algebra_354,numina_lean,b0f30728-b7cf-5801-a266-9a5ec6abc626,L0
test/aime_1990_p15,numina_lean,72678544-6c9e-5849-9bc5-6f3861aa3e1d,L0
test/aime_1990_p15,numina_lean,72678544-6c9e-5849-9bc5-6f3861aa3e1d,L1
test/imo_1963_p5,numina_lean,505a666e-5e1a-589c-bf72-dcf0b8eb9fe5,L1
test/imo_1983_p6,numina_lean,13325542-3127-5e12-a369-e6a70015a32c,L2
test/imo_1959_p1,numina_lean,4ba0c10f-ceb1-5e7b-9fd7-79167e47c085,L2
test/imo_1959_p1,numina_lean,47c10d89-7984-509e-b046-a584a7d9093c,L2
test/imo_1992_p1,numina_lean,233b3aff-22dc-5b43-91e6-1f7155f198be,L2
test/numbertheory_2pownm1prime_nprime,numina_lean,3dcadaf5-7ca8-5fbb-959a-525ef10f71bb,L2
test/numbertheory_2pownm1prime_nprime,numina_lean,3d0590d0-f05d-5b6c-91f7-ba3b9b878147,L1
test/numbertheory_2pownm1prime_nprime,numina_lean,f21903ff-f305-58e4-9f0f-5128ac77bf7e,L2
test/mathd_algebra_756,numina_lean,3f593589-ae21-5686-be2b-6d6982f202fb,L1
test/mathd_algebra_388,numina_lean,b526d4b4-4f94-5f7e-b0d0-5e19ec1acc74,L1
test/mathd_algebra_598,numina_lean,77693153-f6ae-565c-a537-7bc8abee4777,L1
test/mathd_algebra_598,numina_lean,bcbbae08-3269-55c8-a3ef-56e03df16a43,L1
test/mathd_algebra_329,numina_lean,dd491101-9fce-55d2-87d6-e49f0a5fe313,L1
test/induction_1pxpownlt1pnx,numina_lean,16bbb8ff-dc3b-5df7-9f47-d0b2aa906299,L1
test/mathd_algebra_332,numina_lean,60e97ffa-a6de-53bd-9973-07ae9b26eb1d,L1
test/mathd_algebra_114,numina_lean,171ade7f-d911-56c6-bc42-2a49c2812b3d,L1
test/mathd_algebra_293,numina_lean,856882cd-28fc-54eb-b3f2-43beaac75f86,L2
test/aime_1984_p7,numina_lean,2efbb8bf-7b74-5f9e-8b2a-403cf642e234,L1
test/aime_1984_p7,numina_lean,d08b1e53-44e4-5ab1-9c24-d18670b97a1e,L1
test/mathd_algebra_246,numina_lean,f642ea0c-7a17-5a74-bf29-234720be1115,L1
test/mathd_algebra_362,numina_lean,369d2c1d-748a-5e6f-951b-b1d86f7d58d8,L1
test/imo_1964_p2,numina_lean,55ebbfbc-9641-545e-b4a8-19f02c9d06a4,L1
test/amc12a_2008_p25,numina_lean,44c2bdd2-ad3e-5b7f-8de8-01ddefb7ee09,L1
test/imo_1968_p5_1,numina_lean,47482601-cd3c-5b91-b718-c1722e99d1a4,L2
test/aime_1990_p15,numina_lean,9b14dabf-0f89-546b-bf44-c2a5e0890498,L1
test/aime_1990_p15,numina_lean,481fae0e-34b2-5257-b4e9-dcfc58772425,L1
test/aime_1990_p15,numina_lean,d69659c2-afff-5445-b8ee-6da3114d9da6,L1
test/aime_1990_p15,numina_lean,82971d31-ad51-5530-ae6f-361afcb6523a,L1
test/aime_1990_p15,numina_lean,c5ea827c-6f5e-5e2e-a8f1-d744cc1603ec,L1
test/aime_1990_p15,numina_lean,05b68311-5013-51eb-a797-1467b777c41a,L1
test/imo_1974_p3,numina_lean,7bbec6b5-d791-594a-a381-42e44b4cd329,L1
test/aime_1990_p4,numina_lean,7a36ce13-d5d7-576f-b4a0-ec45e17b54a0,L2
test/mathd_algebra_338,numina_lean,f8b6a743-a3f3-521a-a09f-50c32d8f64d5,L1
valid/amc12a_2015_p10,numina_lean,db1cf1c6-a335-5d02-95dd-dde94047c577,L1
valid/amc12a_2009_p9,numina_lean,7e648189-f63f-5fdb-8f35-cf7f1bdc8563,L1
valid/induction_sum2kp1npqsqm1,numina_lean,fef9cdc1-f677-56cd-ac9e-d0893e7b066c,L2
valid/imo_1987_p4,numina_lean,b4ea06b2-66c6-50b9-b8c0-9a2923405a52,L1
valid/imo_1987_p4,numina_lean,72484dc7-b2fb-53ea-8ef5-842d305fbd21,L1
valid/imo_1987_p4,numina_lean,2cf281ec-9f93-59e2-9fa3-3b4c4ae8ebce,L1
valid/amc12_2000_p5,numina_lean,6ea53107-c1be-52e2-b3a2-9bb88e170ad8,L1
valid/amc12_2000_p5,numina_lean,4ca36410-cb5b-50cf-8766-23ccbaa3b890,L1
valid/mathd_algebra_510,numina_lean,8427f2ea-2d5b-5921-b45f-bf9ca751c045,L1
valid/algebra_apb4leq8ta4pb4,numina_lean,9ff9bf39-07fb-585e-b3df-cac8bd67a4ae,L2
valid/algebra_apb4leq8ta4pb4,numina_lean,466b6537-ec6b-52c8-a639-84207354bde5,L2
valid/mathd_numbertheory_335,numina_lean,194bf7f6-539b-5d86-8b11-c5c8b1a80a89,L1
valid/amc12a_2011_p18,numina_lean,7c5907fa-06ac-5df2-9c48-e78a643b1f91,L1
valid/amc12a_2009_p2,numina_lean,5b377b55-3134-5209-a844-9606a36b062a,L1
valid/mathd_numbertheory_709,numina_lean,d562e371-4c44-538e-859e-49a13edd0a43,L1
valid/amc12a_2013_p8,numina_lean,99bef51a-e26f-59dd-99ca-4dcbb476f1e3,L1
valid/imo_1973_p3,numina_lean,c6c4283b-e9df-5383-ab64-6a028ccdd3f9,L1
valid/imo_1973_p3,numina_lean,bc758806-1858-5437-a31c-aafe45a26f4d,L1
valid/amc12_2000_p11,numina_lean,021163a6-1915-529a-b80a-74cdbbf653fe,L1
valid/amc12a_2009_p15,numina_lean,3d4b6ca6-928e-53f3-bc74-2f55fc98d0d0,L2
valid/imo_1974_p5,numina_lean,dc36d501-5b4c-57ec-a26c-29d7ed927334,L2
valid/aime_1988_p3,numina_lean,0169eeac-11ca-5d79-ba52-99bacb2096d4,L1
valid/mathd_algebra_509,numina_lean,d14f424f-e2da-51fc-a67d-8e441c1c04c4,L1
valid/mathd_numbertheory_370,numina_lean,ca8aacfb-5657-5b36-b221-ac5726947ee0,L1
valid/imo_1993_p5,numina_lean,02325c85-e6b9-5049-8719-e0d6c74c9aab,L1
valid/imo_1993_p5,numina_lean,5a1d6834-ce60-50a2-80d4-9dd9c0ea5f4c,L2
valid/imo_1964_p1_1,numina_lean,5c109a04-ab3e-5ad7-bd85-231d2e516c8d,L2
valid/mathd_numbertheory_629,numina_lean,3c7de8b2-6840-5fec-b871-93584ef53324,L1
valid/mathd_algebra_51,numina_lean,a030da44-4bd3-549b-9204-c3b5f16ece5c,L2
test/algebra_absapbon1pabsapbleqsumabsaon1pabsa,numina_lean,75a1149c-9d0e-5eb0-89dc-b7e3bcfb5458,L1
test/aime_1990_p15,numina_lean,2f8e8f82-e98f-5291-8691-bec79f250afa,L1
test/induction_1pxpownlt1pnx,numina_lean,ac90a30f-9aaa-5658-8758-e38910827afd,L1
test/mathd_numbertheory_247,numina_lean,764d6c59-bd44-5daf-ae68-c3553e917b94,L1
test/mathd_numbertheory_430,numina_lean,cfba1740-e068-5ebf-8d33-5f02308b34cf,L1
valid/aime_1994_p4,numina_lean,c2138488-047c-5d79-b55f-f115bc1a6b1c,L2
valid/amc12a_2008_p15,numina_lean,5528b527-a1bf-576d-9f26-3339bbad05f5,L1
valid/imo_1964_p1_1,numina_lean,44c34d2a-173d-558e-a7f0-3740b7995a15,L2
valid/imo_1974_p5,numina_lean,9b346fa0-4b51-5323-9b92-d048b06fc4e8,L2
valid/imo_1987_p4,numina_lean,8bc6b1e0-c2f4-5211-a149-54174e6fe19c,L1
valid/imo_1987_p4,numina_lean,f88523b7-5be5-5a2c-947e-21519531b30f,L1
valid/mathd_numbertheory_412,numina_lean,1162749d-5ab2-5191-90c8-2b926789dac6,L1
test/imo_1983_p6,sft_v2,sft286641,L1
test/imo_1983_p6,sft_v2,sft331765,L1
test/imo_1983_p6,sft_v2,sft332499,L1
test/imo_1963_p5,sft_v2,sft693116,L1
test/algebra_sqineq_at2malt1,sft_v2,sft400869,L2
test/imo_1959_p1,sft_v2,sft172997,L2
test/imo_1959_p1,sft_v2,sft286513,L2
test/imo_1959_p1,sft_v2,sft7248,L2
test/imo_1959_p1,sft_v2,sft208891,L2
test/imo_1959_p1,sft_v2,sft339187,L1
test/induction_sumkexp3eqsumksq,sft_v2,sft926028,L1
test/aime_1994_p3,sft_v2,sft592996,L1
test/aime_1994_p3,sft_v2,sft748746,L1
test/aime_1994_p3,sft_v2,sft715845,L1
test/amc12b_2021_p9,sft_v2,sft532691,L1
test/numbertheory_2pownm1prime_nprime,sft_v2,sft657487,L2
test/imo_1981_p6,sft_v2,sft791345,L2
test/algebra_bleqa_apbon2msqrtableqambsqon8b,sft_v2,sft488533,L2
test/algebra_bleqa_apbon2msqrtableqambsqon8b,sft_v2,sft252183,L2
test/algebra_bleqa_apbon2msqrtableqambsqon8b,sft_v2,sft14347,L2
test/algebra_absapbon1pabsapbleqsumabsaon1pabsa,sft_v2,sft101977,L1
test/algebra_absapbon1pabsapbleqsumabsaon1pabsa,sft_v2,sft206877,L1
test/amc12a_2021_p18,sft_v2,sft112608,L2
test/mathd_numbertheory_100,sft_v2,sft101286,L2
test/amc12a_2021_p8,sft_v2,sft56686,L1
test/induction_1pxpownlt1pnx,sft_v2,sft544731,L1
test/mathd_algebra_246,sft_v2,sft578421,L2
test/imo_1968_p5_1,sft_v2,sft129013,L1
test/aime_1990_p15,sft_v2,sft346074,L1
test/imo_1968_p5_1,sft_v2,sft353001,L1
test/aime_1990_p15,sft_v2,sft421128,L1
test/aime_1990_p15,sft_v2,sft496835,L1
test/aime_1990_p15,sft_v2,sft34207,L1
test/aime_1990_p15,sft_v2,sft561523,L2
test/imo_1968_p5_1,sft_v2,sft411789,L2
test/imo_1968_p5_1,sft_v2,sft3833,L2
test/imo_1968_p5_1,sft_v2,sft3775,L2
test/imo_1968_p5_1,sft_v2,sft94504,L2
valid/amc12a_2015_p10,sft_v2,sft424691,L1
valid/imo_1964_p1_2,sft_v2,sft141580,L1
valid/mathd_numbertheory_33,sft_v2,sft521000,L2
valid/induction_sum_1oktkp1,sft_v2,sft234540,L2
valid/induction_sum_1oktkp1,sft_v2,sft539899,L2
valid/mathd_numbertheory_32,sft_v2,sft351242,L2
valid/algebra_xmysqpymzsqpzmxsqeqxyz_xpypzp6dvdx3y3z3,sft_v2,sft509121,L2
valid/algebra_xmysqpymzsqpzmxsqeqxyz_xpypzp6dvdx3y3z3,sft_v2,sft225800,L2
valid/algebra_xmysqpymzsqpzmxsqeqxyz_xpypzp6dvdx3y3z3,sft_v2,sft560685,L2
valid/algebra_xmysqpymzsqpzmxsqeqxyz_xpypzp6dvdx3y3z3,sft_v2,sft509205,L2
valid/algebra_xmysqpymzsqpzmxsqeqxyz_xpypzp6dvdx3y3z3,sft_v2,sft261034,L2
valid/algebra_xmysqpymzsqpzmxsqeqxyz_xpypzp6dvdx3y3z3,sft_v2,sft247283,L2
valid/algebra_xmysqpymzsqpzmxsqeqxyz_xpypzp6dvdx3y3z3,sft_v2,sft319066,L2
valid/amc12_2000_p5,sft_v2,sft106921,L1
valid/amc12_2000_p5,sft_v2,sft467392,L1
valid/mathd_algebra_547,sft_v2,sft345962,L2
valid/mathd_algebra_547,sft_v2,sft382,L2
valid/mathd_algebra_510,sft_v2,sft320090,L2
valid/mathd_numbertheory_35,sft_v2,sft75023,L1
valid/algebra_amgm_sqrtxymulxmyeqxpy_xpygeq4,sft_v2,sft614398,L2
valid/algebra_amgm_sqrtxymulxmyeqxpy_xpygeq4,sft_v2,sft149242,L2
valid/numbertheory_sumkmulnckeqnmul2pownm1,sft_v2,sft293950,L1
valid/numbertheory_sumkmulnckeqnmul2pownm1,sft_v2,sft635661,L1
valid/amc12b_2004_p3,sft_v2,sft462950,L2
valid/mathd_algebra_393,sft_v2,sft479896,L2
valid/mathd_algebra_393,sft_v2,sft362831,L2
valid/mathd_algebra_151,sft_v2,sft462355,L2
valid/mathd_algebra_151,sft_v2,sft560194,L2
valid/mathd_algebra_151,sft_v2,sft191248,L2
valid/mathd_numbertheory_136,sft_v2,sft55303,L2
valid/amc12_2000_p11,sft_v2,sft114684,L2
valid/mathd_algebra_149,sft_v2,sft199976,L2
valid/mathd_algebra_149,sft_v2,sft450255,L2
valid/aime_1983_p9,sft_v2,sft92256,L1
valid/aime_1990_p2,sft_v2,sft388557,L1
valid/mathd_algebra_451,sft_v2,sft334562,L2
valid/algebra_2rootspoly_apatapbeq2asqp2ab,sft_v2,sft398075,L2
valid/mathd_algebra_11,sft_v2,sft321542,L2
valid/mathd_algebra_11,sft_v2,sft296924,L2
valid/amc12a_2016_p2,sft_v2,sft182852,L1
valid/mathd_numbertheory_110,sft_v2,sft270462,L2
valid/mathd_numbertheory_110,sft_v2,sft408307,L2
valid/induction_divisibility_9div10tonm1,sft_v2,sft421023,L1
valid/mathd_algebra_323,sft_v2,sft21232,L1
valid/mathd_numbertheory_370,sft_v2,sft249506,L2
valid/mathd_numbertheory_370,sft_v2,sft375536,L2
valid/imo_1966_p4,sft_v2,sft932108,L2
valid/imo_1966_p4,sft_v2,sft325634,L2
valid/imo_1966_p4,sft_v2,sft201314,L2
valid/numbertheory_prmdvsneqnsqmodpeq0,sft_v2,sft174421,L2
valid/numbertheory_2dvd4expn,sft_v2,sft338926,L1
valid/numbertheory_2dvd4expn,sft_v2,sft475869,L2
valid/mathd_numbertheory_412,sft_v2,sft607779,L2
test/aime_1994_p3,sft_v2,sft759504,L1
test/aime_1990_p15,sft_v2,sft104695,L1
test/aime_1990_p15,sft_v2,sft202722,L1
test/aime_1990_p15,sft_v2,sft233357,L1
test/algebra_absapbon1pabsapbleqsumabsaon1pabsa,sft_v2,sft116282,L1
test/algebra_absapbon1pabsapbleqsumabsaon1pabsa,sft_v2,sft130892,L1
test/algebra_absapbon1pabsapbleqsumabsaon1pabsa,sft_v2,sft210084,L1
test/algebra_absapbon1pabsapbleqsumabsaon1pabsa,sft_v2,sft336222,L1
test/algebra_absapbon1pabsapbleqsumabsaon1pabsa,sft_v2,sft3841,L1
test/amc12a_2019_p12,sft_v2,sft63309,L1
test/imo_1959_p1,sft_v2,sft893887,L1
test/imo_1963_p5,sft_v2,sft757148,L1
test/imo_1974_p3,sft_v2,sft243732,L1
test/induction_sumkexp3eqsumksq,sft_v2,sft154957,L1
test/induction_sumkexp3eqsumksq,sft_v2,sft29168,L1
test/induction_sumkexp3eqsumksq,sft_v2,sft164056,L1
test/induction_sumkexp3eqsumksq,sft_v2,sft43546,L1
test/induction_sumkexp3eqsumksq,sft_v2,sft52999,L1
test/mathd_algebra_598,sft_v2,sft283714,L1
test/mathd_algebra_598,sft_v2,sft520192,L1
valid/algebra_2complexrootspoly_xsqp49eqxp7itxpn7i,sft_v2,sft16952,L2
valid/algebra_amgm_sqrtxymulxmyeqxpy_xpygeq4,sft_v2,sft10731,L1
valid/aime_1984_p15,sft_v2,sft583082,L1
valid/algebra_apb4leq8ta4pb4,sft_v2,sft103421,L2
valid/algebra_xmysqpymzsqpzmxsqeqxyz_xpypzp6dvdx3y3z3,sft_v2,sft131380,L1
valid/algebra_xmysqpymzsqpzmxsqeqxyz_xpypzp6dvdx3y3z3,sft_v2,sft400643,L1
valid/algebra_xmysqpymzsqpzmxsqeqxyz_xpypzp6dvdx3y3z3,sft_v2,sft535574,L1
valid/amc12a_2016_p2,sft_v2,sft456947,L1
valid/amc12b_2003_p17,sft_v2,sft230783,L2
valid/imo_1964_p1_1,sft_v2,sft163914,L2
valid/imo_1964_p1_1,sft_v2,sft17133,L2
valid/imo_1964_p1_1,sft_v2,sft680620,L2
valid/imo_1964_p1_2,sft_v2,sft276219,L1
valid/imo_1964_p1_2,sft_v2,sft266395,L1
valid/imo_1964_p1_2,sft_v2,sft451370,L1
valid/imo_1964_p1_2,sft_v2,sft49146,L1
valid/imo_1964_p1_2,sft_v2,sft493887,L1
valid/imo_1964_p1_2,sft_v2,sft593846,L1
valid/imo_1973_p3,sft_v2,sft215670,L1
valid/imo_1987_p4,sft_v2,sft192032,L1
valid/numbertheory_sqmod3in01d,sft_v2,sft816375,L1
valid/numbertheory_prmdvsneqnsqmodpeq0,sft_v2,sft376449,L2
valid/numbertheory_sumkmulnckeqnmul2pownm1,sft_v2,sft739961,L1
test/algebra_absapbon1pabsapbleqsumabsaon1pabsa,stp,stp255929,L0
valid/amc12a_2015_p10,stp,stp227986,L0
valid/amc12a_2008_p8,stp,stp75935,L0
valid/mathd_algebra_182,stp,stp182370,L0
valid/mathd_numbertheory_780,stp,stp188637,L0
valid/mathd_algebra_116,stp,stp37384,L0
valid/mathd_numbertheory_169,stp,stp16781,L0
valid/amc12a_2009_p9,stp,stp303869,L0
valid/mathd_algebra_13,stp,stp264360,L0
valid/induction_sum2kp1npqsqm1,stp,stp303127,L0
valid/mathd_numbertheory_149,stp,stp76797,L0
valid/imo_1984_p2,stp,stp91521,L0
valid/amc12a_2008_p4,stp,stp293849,L0
valid/mathd_algebra_462,stp,stp86288,L0
valid/imo_1964_p1_2,stp,stp143078,L0
valid/mathd_numbertheory_64,stp,stp22266,L0
valid/mathd_numbertheory_33,stp,stp57926,L0
valid/amc12_2001_p9,stp,stp74594,L0
valid/mathd_numbertheory_48,stp,stp260464,L0
valid/numbertheory_sqmod4in01d,stp,stp32099,L0
valid/mathd_numbertheory_466,stp,stp309971,L0
valid/mathd_algebra_48,stp,stp276548,L0
valid/mathd_numbertheory_132,stp,stp171638,L0
valid/amc12a_2009_p5,stp,stp73339,L0
valid/mathd_numbertheory_188,stp,stp51252,L0
valid/induction_divisibility_3divnto3m2n,stp,stp66173,L0
valid/induction_sum_1oktkp1,stp,stp105499,L0
valid/mathd_numbertheory_32,stp,stp18831,L0
valid/mathd_algebra_422,stp,stp121727,L0
valid/mathd_algebra_73,stp,stp128857,L0
valid/mathd_numbertheory_109,stp,stp84670,L0
valid/algebra_xmysqpymzsqpzmxsqeqxyz_xpypzp6dvdx3y3z3,stp,stp352175,L0
valid/mathd_numbertheory_236,stp,stp186134,L0
valid/mathd_numbertheory_24,stp,stp99669,L0
valid/mathd_algebra_101,stp,stp225849,L0
valid/mathd_numbertheory_257,stp,stp232000,L0
valid/amc12_2000_p5,stp,stp159675,L0
valid/mathd_algebra_547,stp,stp459696,L0
valid/mathd_numbertheory_200,stp,stp28586,L0
valid/mathd_algebra_510,stp,stp122341,L0
valid/mathd_algebra_140,stp,stp262816,L0
valid/mathd_algebra_455,stp,stp14648,L0
valid/mathd_numbertheory_45,stp,stp12337,L0
valid/mathd_numbertheory_739,stp,stp3945,L0
valid/mathd_algebra_245,stp,stp397358,L0
valid/algebra_apb4leq8ta4pb4,stp,stp99923,L0
valid/mathd_algebra_28,stp,stp171129,L0
valid/mathd_algebra_69,stp,stp61258,L0
valid/mathd_algebra_126,stp,stp127975,L0
valid/amc12a_2008_p2,stp,stp287831,L0
valid/mathd_algebra_35,stp,stp53745,L0
valid/algebra_amgm_faxinrrp2msqrt2geq2mxm1div2x,stp,stp50709,L0
valid/mathd_numbertheory_335,stp,stp83976,L0
valid/mathd_numbertheory_35,stp,stp372103,L0
valid/amc12a_2021_p7,stp,stp104857,L0
valid/mathd_algebra_327,stp,stp19414,L0
valid/aime_1984_p15,stp,stp26654,L0
valid/algebra_amgm_sqrtxymulxmyeqxpy_xpygeq4,stp,stp10557,L0
valid/mathd_algebra_192,stp,stp7178,L0
valid/amc12b_2002_p6,stp,stp26075,L0
valid/mathd_numbertheory_102,stp,stp66009,L0
valid/mathd_numbertheory_81,stp,stp199999,L0
valid/mathd_numbertheory_155,stp,stp195466,L0
valid/mathd_algebra_110,stp,stp257344,L0
valid/mathd_algebra_405,stp,stp201913,L0
valid/mathd_algebra_393,stp,stp52987,L0
valid/amc12b_2004_p3,stp,stp213340,L0
valid/mathd_numbertheory_303,stp,stp114661,L0
valid/mathd_algebra_151,stp,stp36205,L0
valid/amc12a_2011_p18,stp,stp277696,L0
valid/mathd_algebra_15,stp,stp377964,L0
valid/mathd_numbertheory_211,stp,stp36890,L0
valid/mathd_numbertheory_640,stp,stp209807,L0
valid/amc12b_2003_p6,stp,stp61753,L0
valid/algebra_2rootsintpoly_am10tap11eqasqpam110,stp,stp134830,L0
valid/aime_1991_p1,stp,stp39311,L0
valid/mathd_algebra_43,stp,stp85359,L0
valid/mathd_algebra_55,stp,stp198897,L0
valid/algebra_sqineq_2at2pclta2c2p41pc,stp,stp37298,L0
valid/mathd_algebra_214,stp,stp140702,L0
valid/mathd_algebra_96,stp,stp150858,L0
valid/amc12_2001_p2,stp,stp67220,L0
valid/mathd_algebra_185,stp,stp462493,L0
valid/algebra_binomnegdiscrineq_10alt28asqp1,stp,stp230948,L0
valid/mathd_numbertheory_284,stp,stp66556,L0
valid/amc12a_2009_p2,stp,stp15925,L0
valid/amc12a_2013_p8,stp,stp92289,L0
valid/mathd_numbertheory_461,stp,stp428781,L0
valid/mathd_algebra_59,stp,stp217661,L0
valid/mathd_algebra_234,stp,stp242530,L0
valid/amc12b_2020_p5,stp,stp162322,L0
valid/numbertheory_sqmod3in01d,stp,stp198219,L0
valid/mathd_algebra_131,stp,stp44577,L0
valid/amc12b_2003_p17,stp,stp243569,L0
valid/mathd_algebra_536,stp,stp257410,L0
valid/mathd_algebra_22,stp,stp182757,L0
valid/mathd_numbertheory_22,stp,stp11393,L0
valid/mathd_numbertheory_136,stp,stp284739,L0
valid/amc12_2000_p11,stp,stp25842,L0
valid/amc12b_2003_p9,stp,stp74184,L0
valid/algebra_2complexrootspoly_xsqp49eqxp7itxpn7i,stp,stp40045,L0
valid/mathd_numbertheory_198,stp,stp44186,L0
valid/mathd_algebra_149,stp,stp241720,L0
valid/mathd_algebra_132,stp,stp2968,L0
valid/mathd_numbertheory_37,stp,stp274859,L0
valid/aime_1983_p9,stp,stp239848,L0
valid/mathd_algebra_37,stp,stp245098,L0
valid/mathd_numbertheory_458,stp,stp435216,L0
valid/mathd_numbertheory_301,stp,stp453949,L0
valid/algebra_sqineq_36azm9asqle36zsq,stp,stp113412,L0
valid/amc12a_2013_p7,stp,stp204019,L0
valid/mathd_algebra_104,stp,stp356503,L0
valid/mathd_numbertheory_252,stp,stp188807,L0
valid/mathd_algebra_493,stp,stp14090,L0
valid/numbertheory_nckeqnm1ckpnm1ckm1,stp,stp371961,L0
valid/algebra_3rootspoly_amdtamctambeqnasqmbpctapcbtdpasqmbpctapcbta,stp,stp135307,L0
valid/mathd_numbertheory_403,stp,stp177101,L0
valid/mathd_algebra_190,stp,stp75057,L0
valid/mathd_numbertheory_269,stp,stp30282,L0
valid/mathd_numbertheory_101,stp,stp1616,L0
valid/algebra_sqineq_4bap1lt4bsqpap1sq,stp,stp790,L0
valid/mathd_algebra_451,stp,stp65510,L0
valid/mathd_algebra_144,stp,stp97196,L0
valid/mathd_algebra_410,stp,stp74322,L0
valid/mathd_numbertheory_232,stp,stp24959,L0
valid/mathd_algebra_77,stp,stp129739,L0
valid/imo_1974_p5,stp,stp179734,L0
valid/mathd_algebra_109,stp,stp231965,L0
valid/mathd_algebra_11,stp,stp426767,L0
valid/amc12a_2003_p1,stp,stp80688,L0
valid/algebra_2rootspoly_apatapbeq2asqp2ab,stp,stp243355,L0
valid/mathd_algebra_568,stp,stp186567,L0
valid/mathd_algebra_616,stp,stp163043,L0
valid/mathd_numbertheory_690,stp,stp243603,L0
valid/mathd_numbertheory_110,stp,stp7521,L0
valid/amc12a_2003_p25,stp,stp175639,L0
valid/mathd_algebra_159,stp,stp128677,L0
valid/induction_divisibility_9div10tonm1,stp,stp142138,L0
valid/mathd_algebra_323,stp,stp115140,L0
valid/mathd_algebra_421,stp,stp33911,L0
valid/imo_1961_p1,stp,stp32413,L0
valid/algebra_manipexpr_apbeq2cceqiacpbceqm2,stp,stp370324,L0
valid/mathd_numbertheory_370,stp,stp131308,L0
valid/mathd_algebra_437,stp,stp60737,L0
valid/mathd_algebra_89,stp,stp72871,L0
valid/mathd_algebra_67,stp,stp109236,L0
valid/mathd_numbertheory_326,stp,stp16137,L0
valid/induction_divisibility_3div2tooddnp1,stp,stp320970,L0
valid/mathd_algebra_123,stp,stp43505,L0
valid/algebra_2varlineareq_xpeeq7_2xpeeq3_eeq11_xeqn4,stp,stp16479,L0
valid/numbertheory_prmdvsneqnsqmodpeq0,stp,stp127994,L0
valid/induction_ineq_nsqlefactn,stp,stp172752,L0
valid/mathd_numbertheory_30,stp,stp50258,L0
valid/mathd_algebra_267,stp,stp2115,L0
valid/mathd_numbertheory_961,stp,stp179140,L0
valid/induction_seq_mul2pnp1,stp,stp135181,L0
valid/algebra_manipexpr_2erprsqpesqeqnrpnesq,stp,stp208446,L0
valid/mathd_algebra_119,stp,stp105362,L0
valid/numbertheory_2dvd4expn,stp,stp161096,L0
valid/mathd_algebra_206,stp,stp24107,L0
valid/mathd_numbertheory_92,stp,stp335621,L0
valid/mathd_numbertheory_668,stp,stp115642,L0
valid/mathd_algebra_251,stp,stp46824,L0
valid/mathd_numbertheory_84,stp,stp15911,L0
valid/mathd_numbertheory_412,stp,stp120437,L0
valid/mathd_algebra_181,stp,stp123985,L0
valid/amc12a_2016_p3,stp,stp75680,L0
valid/algebra_sqineq_2unitcircatblt1,stp,stp47572,L0
valid/mathd_numbertheory_629,stp,stp188443,L0
valid/amc12a_2017_p2,stp,stp133613,L0
valid/algebra_amgm_sumasqdivbsqgeqsumbdiva,stp,stp125123,L0
valid/mathd_numbertheory_202,stp,stp80312,L0
valid/mathd_algebra_51,stp,stp151075,L0
valid/mathd_algebra_10,stp,stp155568,L0
valid/mathd_numbertheory_64,stp,stp22266,L1
valid/mathd_numbertheory_33,stp,stp57926,L1
valid/induction_divisibility_3divnto3m2n,stp,stp66173,L1
valid/mathd_numbertheory_780,stp,stp188637,L1
test/algebra_absapbon1pabsapbleqsumabsaon1pabsa,stp,stp255929,L1
valid/mathd_numbertheory_32,stp,stp18831,L1
valid/amc12a_2015_p10,stp,stp227986,L1
valid/imo_1964_p1_2,stp,stp143078,L1
valid/numbertheory_sqmod4in01d,stp,stp32099,L1
valid/amc12a_2009_p5,stp,stp73339,L1
valid/mathd_algebra_182,stp,stp182370,L1
valid/amc12a_2008_p8,stp,stp75935,L1
valid/amc12a_2008_p4,stp,stp293849,L1
valid/imo_1984_p2,stp,stp91521,L1
valid/mathd_algebra_462,stp,stp86288,L1
valid/mathd_numbertheory_257,stp,stp232000,L1
valid/mathd_numbertheory_48,stp,stp260464,L1
valid/induction_sum_1oktkp1,stp,stp105499,L1
valid/induction_sum2kp1npqsqm1,stp,stp303127,L1
valid/amc12_2000_p5,stp,stp159675,L1
valid/amc12a_2009_p9,stp,stp303869,L1
valid/amc12_2001_p9,stp,stp74594,L1
valid/algebra_xmysqpymzsqpzmxsqeqxyz_xpypzp6dvdx3y3z3,stp,stp352175,L1
valid/mathd_algebra_116,stp,stp37384,L1
valid/mathd_algebra_101,stp,stp225849,L1
valid/mathd_algebra_422,stp,stp121727,L1
valid/mathd_algebra_48,stp,stp276548,L1
valid/mathd_numbertheory_335,stp,stp83976,L1
valid/mathd_numbertheory_35,stp,stp372103,L1
valid/algebra_apb4leq8ta4pb4,stp,stp99923,L1
valid/mathd_algebra_69,stp,stp61258,L1
valid/amc12a_2008_p2,stp,stp287831,L1
valid/mathd_algebra_73,stp,stp128857,L1
valid/mathd_algebra_140,stp,stp262816,L1
valid/mathd_algebra_510,stp,stp122341,L1
valid/mathd_algebra_28,stp,stp171129,L1
valid/amc12a_2021_p7,stp,stp104857,L1
valid/mathd_algebra_405,stp,stp201913,L1
valid/mathd_algebra_126,stp,stp127975,L1
valid/mathd_algebra_547,stp,stp459696,L1
valid/mathd_algebra_245,stp,stp397358,L1
valid/mathd_algebra_327,stp,stp19414,L1
valid/mathd_numbertheory_303,stp,stp114661,L1
valid/amc12b_2004_p3,stp,stp213340,L1
valid/mathd_algebra_192,stp,stp7178,L1
valid/mathd_algebra_393,stp,stp52987,L1
valid/mathd_algebra_110,stp,stp257344,L1
valid/aime_1991_p1,stp,stp39311,L1
valid/mathd_algebra_35,stp,stp53745,L1
valid/algebra_amgm_faxinrrp2msqrt2geq2mxm1div2x,stp,stp50709,L1
valid/mathd_algebra_185,stp,stp462493,L1
valid/amc12a_2009_p2,stp,stp15925,L1
valid/amc12b_2002_p6,stp,stp26075,L1
valid/mathd_algebra_151,stp,stp36205,L1
valid/mathd_algebra_43,stp,stp85359,L1
valid/amc12_2001_p2,stp,stp67220,L1
valid/algebra_sqineq_2at2pclta2c2p41pc,stp,stp37298,L1
valid/amc12a_2011_p18,stp,stp277696,L1
valid/algebra_amgm_sqrtxymulxmyeqxpy_xpygeq4,stp,stp10557,L1
valid/mathd_numbertheory_284,stp,stp66556,L1
valid/algebra_binomnegdiscrineq_10alt28asqp1,stp,stp230948,L1
valid/algebra_2rootsintpoly_am10tap11eqasqpam110,stp,stp134830,L1
valid/mathd_numbertheory_136,stp,stp284739,L1
valid/numbertheory_sqmod3in01d,stp,stp198219,L1
valid/amc12a_2013_p8,stp,stp92289,L1
valid/amc12b_2003_p6,stp,stp61753,L1
valid/mathd_algebra_214,stp,stp140702,L1
valid/mathd_numbertheory_22,stp,stp11393,L1
valid/mathd_numbertheory_458,stp,stp435216,L1
valid/mathd_algebra_13,stp,stp264360,L1
valid/amc12b_2020_p5,stp,stp162322,L1
valid/mathd_algebra_234,stp,stp242530,L1
valid/mathd_numbertheory_301,stp,stp453949,L1
valid/mathd_algebra_96,stp,stp150858,L1
valid/mathd_algebra_132,stp,stp2968,L1
valid/mathd_algebra_55,stp,stp198897,L1
valid/numbertheory_nckeqnm1ckpnm1ckm1,stp,stp371961,L1
valid/mathd_algebra_536,stp,stp257410,L1
valid/algebra_2complexrootspoly_xsqp49eqxp7itxpn7i,stp,stp40045,L1
valid/algebra_sqineq_36azm9asqle36zsq,stp,stp113412,L1
valid/mathd_algebra_59,stp,stp217661,L1
valid/amc12b_2003_p9,stp,stp74184,L1
valid/amc12b_2003_p17,stp,stp243569,L1
valid/mathd_algebra_22,stp,stp182757,L1
valid/amc12_2000_p11,stp,stp25842,L1
valid/mathd_numbertheory_232,stp,stp24959,L1
valid/aime_1983_p9,stp,stp239848,L1
valid/mathd_algebra_109,stp,stp231965,L1
valid/mathd_algebra_410,stp,stp74322,L1
valid/algebra_sqineq_4bap1lt4bsqpap1sq,stp,stp790,L1
valid/mathd_algebra_131,stp,stp44577,L1
valid/mathd_numbertheory_690,stp,stp243603,L1
valid/algebra_3rootspoly_amdtamctambeqnasqmbpctapcbtdpasqmbpctapcbta,stp,stp135307,L1
valid/amc12a_2013_p7,stp,stp204019,L1
valid/mathd_numbertheory_110,stp,stp7521,L1
valid/mathd_algebra_144,stp,stp97196,L1
valid/mathd_algebra_493,stp,stp14090,L1
valid/imo_1974_p5,stp,stp179734,L1
valid/algebra_2rootspoly_apatapbeq2asqp2ab,stp,stp243355,L1
valid/induction_divisibility_9div10tonm1,stp,stp142138,L1
valid/mathd_algebra_149,stp,stp241720,L1
valid/mathd_numbertheory_370,stp,stp131308,L1
valid/induction_divisibility_3div2tooddnp1,stp,stp320970,L1
valid/mathd_numbertheory_326,stp,stp16137,L1
valid/mathd_algebra_11,stp,stp426767,L1
valid/algebra_manipexpr_apbeq2cceqiacpbceqm2,stp,stp370324,L1
valid/amc12a_2003_p1,stp,stp80688,L1
valid/mathd_algebra_77,stp,stp129739,L1
valid/numbertheory_2dvd4expn,stp,stp161096,L1
valid/induction_ineq_nsqlefactn,stp,stp172752,L1
valid/mathd_algebra_451,stp,stp65510,L1
valid/numbertheory_prmdvsneqnsqmodpeq0,stp,stp127994,L1
valid/mathd_algebra_437,stp,stp60737,L1
valid/algebra_2varlineareq_xpeeq7_2xpeeq3_eeq11_xeqn4,stp,stp16479,L1
valid/mathd_numbertheory_92,stp,stp335621,L1
valid/mathd_algebra_89,stp,stp72871,L1
valid/mathd_numbertheory_629,stp,stp188443,L1
valid/algebra_manipexpr_2erprsqpesqeqnrpnesq,stp,stp208446,L1
valid/mathd_algebra_323,stp,stp115140,L1
valid/mathd_numbertheory_412,stp,stp120437,L1
valid/induction_seq_mul2pnp1,stp,stp135181,L1
valid/mathd_algebra_67,stp,stp109236,L1
valid/mathd_algebra_251,stp,stp46824,L1
valid/amc12a_2003_p25,stp,stp175639,L1
valid/mathd_algebra_421,stp,stp33911,L1
valid/mathd_numbertheory_84,stp,stp15911,L1
valid/mathd_algebra_267,stp,stp2115,L1
valid/mathd_algebra_159,stp,stp128677,L1
valid/mathd_numbertheory_668,stp,stp115642,L1
valid/algebra_sqineq_2unitcircatblt1,stp,stp47572,L1
valid/mathd_algebra_123,stp,stp43505,L1
valid/mathd_algebra_181,stp,stp123985,L1
valid/amc12a_2017_p2,stp,stp133613,L1
valid/mathd_algebra_206,stp,stp24107,L1
valid/imo_1961_p1,stp,stp32413,L1
valid/algebra_amgm_sumasqdivbsqgeqsumbdiva,stp,stp125123,L1
valid/mathd_algebra_51,stp,stp151075,L1
valid/amc12a_2016_p3,stp,stp75680,L1
test/imo_1983_p6,stp,stp87093,L1
test/imo_1983_p6,stp,stp359817,L1
valid/aime_1984_p15,stp,stp26654,L1
test/algebra_bleqa_apbon2msqrtableqambsqon8b,stp,stp543626,L2
test/algebra_bleqa_apbon2msqrtableqambsqon8b,stp,stp51240,L2
test/algebra_bleqa_apbon2msqrtableqambsqon8b,stp,stp175260,L2
test/mathd_algebra_246,stp,stp600275,L2
test/aime_1990_p15,stp,stp282184,L1
test/aime_1990_p15,stp,stp81571,L1
test/aime_1990_p15,stp,stp317742,L1
test/aime_1990_p15,stp,stp325463,L2
valid/imo_1984_p2,stp,stp673131,L2
valid/imo_1964_p1_2,stp,stp675982,L2
valid/mathd_numbertheory_33,stp,stp246238,L2
valid/amc12_2001_p9,stp,stp222213,L2
valid/amc12_2001_p9,stp,stp686379,L2
valid/mathd_numbertheory_48,stp,stp778240,L2
valid/mathd_numbertheory_48,stp,stp656243,L2
valid/mathd_numbertheory_48,stp,stp635610,L2
valid/algebra_xmysqpymzsqpzmxsqeqxyz_xpypzp6dvdx3y3z3,stp,stp135741,L1
valid/algebra_xmysqpymzsqpzmxsqeqxyz_xpypzp6dvdx3y3z3,stp,stp569886,L2
valid/algebra_xmysqpymzsqpzmxsqeqxyz_xpypzp6dvdx3y3z3,stp,stp156356,L2
valid/algebra_xmysqpymzsqpzmxsqeqxyz_xpypzp6dvdx3y3z3,stp,stp314377,L2
valid/mathd_algebra_101,stp,stp15446,L2
valid/mathd_algebra_101,stp,stp420082,L2
valid/mathd_algebra_101,stp,stp483219,L2
valid/mathd_algebra_547,stp,stp123674,L2
valid/mathd_algebra_510,stp,stp228583,L2
valid/mathd_algebra_245,stp,stp661584,L2
valid/algebra_amgm_faxinrrp2msqrt2geq2mxm1div2x,stp,stp112208,L1
valid/algebra_amgm_faxinrrp2msqrt2geq2mxm1div2x,stp,stp538553,L2
valid/algebra_amgm_sqrtxymulxmyeqxpy_xpygeq4,stp,stp323393,L1
valid/algebra_amgm_sqrtxymulxmyeqxpy_xpygeq4,stp,stp230703,L1
valid/algebra_amgm_sqrtxymulxmyeqxpy_xpygeq4,stp,stp87124,L1
valid/aime_1984_p15,stp,stp244079,L2
valid/amc12b_2004_p3,stp,stp478039,L2
valid/amc12b_2004_p3,stp,stp711799,L2
valid/mathd_algebra_151,stp,stp83948,L2
valid/amc12a_2011_p18,stp,stp303664,L2
valid/amc12a_2011_p18,stp,stp569656,L2
valid/aime_1991_p1,stp,stp608264,L2
valid/amc12b_2003_p6,stp,stp239772,L1
valid/amc12b_2003_p6,stp,stp547012,L1
valid/mathd_numbertheory_284,stp,stp706926,L2
valid/mathd_algebra_536,stp,stp30300,L2
valid/mathd_numbertheory_136,stp,stp538038,L1
valid/mathd_numbertheory_136,stp,stp252590,L2
valid/algebra_2complexrootspoly_xsqp49eqxp7itxpn7i,stp,stp454882,L2
valid/algebra_2complexrootspoly_xsqp49eqxp7itxpn7i,stp,stp175374,L2
valid/algebra_2complexrootspoly_xsqp49eqxp7itxpn7i,stp,stp493678,L2
valid/algebra_2complexrootspoly_xsqp49eqxp7itxpn7i,stp,stp181299,L2
valid/mathd_algebra_149,stp,stp71507,L1
valid/algebra_sqineq_36azm9asqle36zsq,stp,stp409043,L2
valid/numbertheory_nckeqnm1ckpnm1ckm1,stp,stp85985,L2
valid/mathd_algebra_493,stp,stp166793,L1
valid/mathd_algebra_410,stp,stp680753,L2
valid/mathd_algebra_451,stp,stp616953,L2
valid/mathd_algebra_451,stp,stp583183,L2
valid/mathd_algebra_451,stp,stp295599,L2
valid/imo_1974_p5,stp,stp215883,L1
valid/mathd_algebra_11,stp,stp727827,L2
valid/mathd_algebra_11,stp,stp543935,L2
valid/algebra_2rootspoly_apatapbeq2asqp2ab,stp,stp300603,L2
valid/mathd_algebra_11,stp,stp108004,L2
valid/mathd_numbertheory_690,stp,stp293139,L2
valid/mathd_numbertheory_690,stp,stp345159,L2
valid/mathd_numbertheory_110,stp,stp50131,L2
valid/mathd_numbertheory_110,stp,stp576744,L2
valid/mathd_numbertheory_110,stp,stp94761,L2
valid/mathd_numbertheory_110,stp,stp539878,L2
valid/mathd_numbertheory_110,stp,stp175218,L2
valid/mathd_numbertheory_110,stp,stp331866,L2
valid/induction_divisibility_9div10tonm1,stp,stp290207,L2
valid/mathd_algebra_323,stp,stp365624,L1
valid/mathd_algebra_323,stp,stp151722,L1
valid/mathd_numbertheory_370,stp,stp699476,L2
valid/mathd_numbertheory_370,stp,stp56121,L2
valid/mathd_numbertheory_370,stp,stp352826,L2
valid/mathd_algebra_89,stp,stp520861,L2
valid/numbertheory_prmdvsneqnsqmodpeq0,stp,stp301030,L2
valid/mathd_algebra_267,stp,stp253242,L2
valid/numbertheory_2dvd4expn,stp,stp320983,L1
valid/numbertheory_2dvd4expn,stp,stp753833,L2
valid/mathd_numbertheory_629,stp,stp292110,L2
valid/algebra_amgm_sumasqdivbsqgeqsumbdiva,stp,stp213284,L2
valid/amc12a_2017_p2,stp,stp348482,L2
test/algebra_absapbon1pabsapbleqsumabsaon1pabsa,stp,stp13893,L1
test/algebra_absapbon1pabsapbleqsumabsaon1pabsa,stp,stp128902,L1
test/algebra_absapbon1pabsapbleqsumabsaon1pabsa,stp,stp187871,L1
test/algebra_absapbon1pabsapbleqsumabsaon1pabsa,stp,stp22100,L1
test/algebra_absapbon1pabsapbleqsumabsaon1pabsa,stp,stp27007,L1
test/algebra_absapbon1pabsapbleqsumabsaon1pabsa,stp,stp461497,L1
test/algebra_amgm_sumasqdivbgeqsuma,stp,stp192770,L1
valid/algebra_2complexrootspoly_xsqp49eqxp7itxpn7i,stp,stp159153,L2
valid/algebra_amgm_sqrtxymulxmyeqxpy_xpygeq4,stp,stp471025,L2
valid/algebra_amgm_sqrtxymulxmyeqxpy_xpygeq4,stp,stp250770,L2
valid/algebra_amgm_sumasqdivbsqgeqsumbdiva,stp,stp61546,L1
valid/algebra_amgm_sqrtxymulxmyeqxpy_xpygeq4,stp,stp345012,L2
valid/algebra_xmysqpymzsqpzmxsqeqxyz_xpypzp6dvdx3y3z3,stp,stp104957,L1
valid/algebra_xmysqpymzsqpzmxsqeqxyz_xpypzp6dvdx3y3z3,stp,stp37947,L1
valid/amc12_2000_p11,stp,stp170035,L1
valid/amc12_2000_p11,stp,stp163159,L1
valid/amc12a_2003_p25,stp,stp665881,L1
valid/amc12a_2011_p18,stp,stp655022,L2
valid/amc12b_2003_p17,stp,stp477317,L2
valid/amc12b_2003_p17,stp,stp254877,L2
valid/amc12b_2003_p17,stp,stp769571,L2
valid/amc12b_2003_p17,stp,stp307450,L2
valid/amc12b_2003_p17,stp,stp612601,L2
valid/imo_1964_p1_2,stp,stp237244,L1
valid/induction_divisibility_9div10tonm1,stp,stp590940,L1
valid/mathd_algebra_101,stp,stp236105,L2
valid/mathd_algebra_323,stp,stp735885,L1
valid/mathd_algebra_393,stp,stp490570,L2
valid/mathd_algebra_393,stp,stp775211,L2
valid/mathd_algebra_393,stp,stp77876,L2
valid/mathd_algebra_323,stp,stp304103,L2
valid/mathd_algebra_451,stp,stp127595,L2
valid/mathd_algebra_451,stp,stp344492,L1
valid/numbertheory_sqmod4in01d,stp,stp282965,L1
valid/numbertheory_sqmod4in01d,stp,stp9746,L1
valid/numbertheory_prmdvsneqnsqmodpeq0,stp,stp181616,L2
