bench,corpus,n_corpus,L0_items,minhash_pairs,numeral_pairs,items_with_any,max_numeral_pairs_per_item
bench_minif2f,dsp_v1,27503,0,2264,451,329,43
bench_minif2f,goedel_lwproofs,21500,1,1708,629,294,77
bench_minif2f,goedel_pset,1652401,10,4196,23324,459,1473
bench_minif2f,numina_lean,99866,5,2389,1994,379,188
bench_minif2f,sft_v2,910094,0,3909,25210,446,2235
bench_minif2f,stp,777624,174,3636,37178,440,3192
bench_putnam,dsp_v1,27503,0,60,97,40,23
bench_putnam,goedel_lwproofs,21500,0,92,198,50,50
bench_putnam,goedel_pset,1652401,0,1231,8307,302,1071
bench_putnam,numina_lean,99866,2,1167,1570,285,148
bench_putnam,sft_v2,910094,0,1220,12411,277,1936
bench_putnam,stp,777624,0,808,13482,195,2895
bench_proofnet,dsp_v1,27503,0,14,106,24,16
bench_proofnet,goedel_lwproofs,21500,0,88,209,62,37
bench_proofnet,goedel_pset,1652401,0,935,7562,198,1401
bench_proofnet,numina_lean,99866,1,877,1305,180,158
bench_proofnet,sft_v2,910094,1,1649,15687,253,1757
bench_proofnet,stp,777624,26,1987,24671,285,2306
bench_minif2f_v2c,dsp_v1,27503,0,1627,407,259,34
bench_minif2f_v2c,goedel_lwproofs,21500,0,1258,608,227,77
bench_minif2f_v2c,goedel_pset,1652401,4,3423,21847,413,1797
bench_minif2f_v2c,numina_lean,99866,4,1980,1923,336,188
bench_minif2f_v2c,sft_v2,910094,0,3087,24333,383,2235
bench_minif2f_v2c,stp,777624,82,2925,34498,357,3192
bench_minif2f,lean_workbook,105068,2,2267,2947,342,301
bench_putnam,lean_workbook,105068,0,342,1332,118,260
bench_proofnet,lean_workbook,105068,0,475,1645,130,291
bench_minif2f_v2c,lean_workbook,105068,1,1806,2851,273,301
