period,group,Proposed Rule,Rule
2019-21 (human reference),DOT,359,387
2019-21 (human reference),excluded,2175,2656
2019-21 (human reference),other_cabinet,2139,3648
2022-23,DOT,329,427
2022-23,excluded,1297,1520
2022-23,other_cabinet,1440,2170
2024-25 (pre),DOT,294,438
2024-25 (pre),excluded,1032,1451
2024-25 (pre),other_cabinet,1105,2190
2026-01 (excluded),DOT,9,10
2026-01 (excluded),excluded,38,71
2026-01 (excluded),other_cabinet,33,79
2026-02..09 (post),DOT,83,207
2026-02..09 (post),excluded,404,391
2026-02..09 (post),other_cabinet,447,731
