subagency,alpha_pre,lo_pre,hi_pre,n_pre,alpha_post,lo_post,hi_post,n_post,share_pre,share_post
Federal Aviation Administration,0.004175964071249334,-0.010796171450658589,0.027657891955829916,332,-0.005249035845257884,-0.013448527236500165,0.02420750810159422,85,0.4763271162123386,0.32075471698113206
Pipeline and Hazardous Materials Safety Administration,0.12885053041857394,0.018697221591691463,0.34760233405486624,76,0.022086710245232087,-0.0023139798365106167,0.10115381132629853,69,0.10903873744619799,0.26037735849056604
Federal Railroad Administration,-0.006972674100479461,-0.013957474875008924,0.008078745480725567,64,0.016447272574064704,-0.00934554371831137,0.06443708157171932,29,0.09182209469153516,0.10943396226415095
National Highway Traffic Safety Administration,-0.006972674100479461,-0.014436346141846655,-0.0018675324590914204,62,0.09162686995181887,-0.009641909177947354,0.1307679281250951,26,0.08895265423242468,0.09811320754716982
Federal Motor Carrier Safety Administration,-0.006972674100479461,-0.01407770761535864,0.0016444550877622044,47,0.033998357268519706,-0.01151907855922815,0.08149808955942975,24,0.06743185078909612,0.09056603773584905
Federal Highway Administration,-0.0059644458049620125,-0.013752244556274183,0.011014308059253795,46,0.08462090432962781,-0.011271982322011457,0.2033416473889783,4,0.06599713055954089,0.01509433962264151
Office of the Secretary,-0.006972674100479461,-0.014436346141846655,-0.0018590424507228542,33,0.23294426626771336,0.03928146838959048,0.39719785814728475,11,0.047345767575322814,0.04150943396226415
Federal Transit Administration,-0.006972674100479461,-0.013042723856376089,0.11436670558392714,19,-0.006972674100479461,-0.013958568785775984,0.13031724401706768,7,0.027259684361549498,0.026415094339622643
Transportation Department,0.04685933686655811,-0.010877804601934556,0.39002826555907816,7,0.1050435305729612,0.09670101888108472,0.11267761317015366,1,0.010043041606886656,0.0037735849056603774
Maritime Administration,0.00603481634224044,-0.011949841468598085,0.18121306816260546,6,-0.006972674100479461,-0.014436346141846655,0.023277657772518973,7,0.00860832137733142,0.026415094339622643
Great Lakes St. Lawrence Seaway Development Corporation,-0.006972674100479461,-0.014436346141846655,-0.0019456857434385381,4,-0.006972674100479461,-0.014436346141846655,-0.0019456857434385381,2,0.005738880918220947,0.007547169811320755
Office of Secretary of Transportation,-0.006972674100479461,-0.014436346141846655,-0.0019456857434385381,1,,,,0,0.0014347202295552368,0.0
