group,word,post,pre,excess,ratio
DOT,pipeline,0.27169811320754716,0.0746054519368723,0.19709266127067487,3.60685778897585
DOT,unnecessary,0.5962264150943396,0.40889526542324245,0.18733114967109715,1.4570219894530034
DOT,privacy,0.39622641509433965,0.2266857962697274,0.16954061882461224,1.7446253635592024
DOT,government,0.47547169811320755,0.3113342898134864,0.16413740829972118,1.5255183745522707
DOT,operators,0.3433962264150943,0.1836441893830703,0.159752037032024,1.8651885421674221
DOT,set,0.5094339622641509,0.3601147776183644,0.14931918464578653,1.4134950821746513
DOT,association,0.3433962264150943,0.1994261119081779,0.1439701145069164,1.7183201486883808
DOT,phmsa,0.2641509433962264,0.12051649928263988,0.14363444411358653,2.182015981052101
DOT,forth,0.43018867924528303,0.28694404591104733,0.1432446333342357,1.4974738507997742
DOT,laws,0.3132075471698113,0.17073170731707318,0.14247583985273812,1.8296420159014717
DOT,pursuant,0.5622641509433962,0.4218077474892396,0.1404564034541566,1.332199218884302
DOT,submitted,0.5320754716981132,0.3916786226685796,0.1403968490295336,1.3575362673817577
DOT,because,0.6226415094339622,0.4878048780487805,0.13483663138518176,1.2758496026541815
DOT,owner,0.35094339622641507,0.21664275466284075,0.13430064156357432,1.6170692048610804
DOT,business,0.6150943396226415,0.48206599713055953,0.13302834249208195,1.2753833705586362
DOT,please,0.4226415094339623,0.2926829268292683,0.129958582604694,1.4425132370062665
DOT,standards,0.6226415094339622,0.4964131994261119,0.12622831000785034,1.2537695223075818
DOT,dot,0.6264150943396226,0.5007173601147776,0.12569773422484498,1.25053495098533
DOT,lawful,0.16226415094339622,0.03730272596843615,0.12496142497496007,4.262468187719488
DOT,washington,0.3886792452830189,0.26398852223816355,0.12469072304485534,1.4705514110259732
DOT,dc,0.3849056603773585,0.2611190817790531,0.12378657859830544,1.4722532131508392
DOT,executive,0.30566037735849055,0.18220946915351507,0.12345090820497548,1.6738238409584243
DOT,titled,0.2792452830188679,0.1563845050215208,0.12286077799734713,1.7806408768166035
DOT,solicited,0.16226415094339622,0.040172166427546625,0.1220919845158496,3.9654010247603293
DOT,department,0.4,0.2783357245337159,0.12166427546628411,1.4355485703426352
DOT,american,0.32452830188679244,0.20516499282639886,0.11936330906039358,1.5789698213260843
DOT,delegated,0.3660377358490566,0.2467718794835007,0.11926585636555587,1.481353479717612
DOT,requires,0.539622641509434,0.42037302725968434,0.11924961424974961,1.2830024860045404
DOT,comment,0.7849056603773585,0.6657101865136298,0.11919547386372875,1.1787815399777037
DOT,transportation,0.6452830188679245,0.5265423242467718,0.11874069462115266,1.22508278324529
DOT,costs,0.36981132075471695,0.2539454806312769,0.11586584012344003,1.4544730106081571
DOT,response,0.37358490566037733,0.2582496413199426,0.11533526434043473,1.4448810951221271
DOT,unleashing,0.1471698113207547,0.035868005738880916,0.1113018055818738,4.018926664224074
DOT,while,0.4679245283018868,0.3586800573888092,0.1092444709130776,1.303726794602309
DOT,ensuring,0.2981132075471698,0.18938307030129126,0.10873013724587854,1.5711124265083412
other_cabinet,general,0.6181172291296625,0.5103448275862069,0.10777240154345558,1.2107626707640577
DOT,maintains,0.2339622641509434,0.12625538020086083,0.10770688395008257,1.8463837346607839
DOT,foia,0.22641509433962265,0.11908177905308465,0.107333315286538,1.8938351524513064
DOT,independent,0.2,0.09325681492109039,0.10674318507890962,2.132471802365405
DOT,background,0.22264150943396227,0.11621233859397417,0.1064291708399881,1.908003134453795
DOT,commercial,0.38113207547169814,0.27546628407460544,0.1056657913970927,1.382201365894506
other_cabinet,establish,0.48046181172291297,0.3852664576802508,0.09519535404266216,1.2464499625837673
other_cabinet,part,0.8365896980461812,0.7438871473354232,0.09270255071075806,1.1244518059445239
other_cabinet,order,0.7539964476021315,0.6623824451410658,0.09161400246106566,1.13810133676598
other_cabinet,after,0.7033747779751333,0.6137931034482759,0.08958167452685739,1.1457102788310543
other_cabinet,burdens,0.2699822380106572,0.18213166144200627,0.08785057656865092,1.479712660699424
other_cabinet,thus,0.46181172291296624,0.374294670846395,0.08751705206657123,1.2331955630203746
other_cabinet,necessary,0.6820603907637656,0.5962382445141066,0.085822146249659,1.1436983432289758
other_cabinet,days,0.5213143872113677,0.43636363636363634,0.08495075084773135,1.1942336851642164
other_cabinet,than,0.7220248667850799,0.6410658307210031,0.08095903606407684,1.1260914881160464
other_cabinet,result,0.605683836589698,0.5250783699059561,0.08060546668374191,1.153219503584896
other_cabinet,deregulatory,0.11811722912966252,0.03949843260188088,0.07861879652778164,2.9412799823796223
other_cabinet,via,0.3614564831261101,0.28338557993730407,0.07807090318880605,1.2745248307105361
other_cabinet,authorized,0.4928952042628774,0.4150470219435737,0.07784818231930374,1.1871139035093536
other_cabinet,cfr,0.9058614564831261,0.8282131661442006,0.07764829033892551,1.0936409279413473
other_cabinet,but,0.6163410301953819,0.5394984326018809,0.07684259759350098,1.1421698805371032
other_cabinet,unleashing,0.11456483126110124,0.038557993730407525,0.07600683753069372,2.921402739701347
other_cabinet,exempt,0.3987566607460036,0.322884012539185,0.0758726482068186,1.2342587014777062
other_cabinet,does,0.7015985790408525,0.6288401253918495,0.07275845364900302,1.1155189241138566
other_cabinet,while,0.5710479573712256,0.49843260188087773,0.07261535549034787,1.1453957054803316
other_cabinet,other,0.8188277087033747,0.7463949843260188,0.07243272437735593,1.0969135810332924
other_cabinet,deregulation,0.10746003552397869,0.03542319749216301,0.07203683803181568,2.977773589134108
other_cabinet,costs,0.42984014209591476,0.35893416927899685,0.0709059728169179,1.196997059098205
other_cabinet,appropriate,0.5603907637655418,0.4899686520376176,0.07042211172792417,1.143435047096507
other_cabinet,would,0.827708703374778,0.7573667711598746,0.07034193221490337,1.0927545020298288
other_cabinet,provide,0.7131438721136767,0.6435736677115987,0.06957020440207795,1.107932123024929
other_cabinet,time,0.7069271758436945,0.6376175548589341,0.06930962098476035,1.1085307167919465
other_cabinet,their,0.6998223801065719,0.6307210031347963,0.06910137697177565,1.109385910281395
other_cabinet,into,0.6314387211367674,0.5623824451410658,0.06905627599570152,1.1225744191912306
other_cabinet,relevant,0.5133214920071048,0.4445141065830721,0.06880738542403264,1.1544449084940536
other_cabinet,process,0.5950266429840142,0.5272727272727272,0.06775391571128697,1.1282555623514294
other_cabinet,reduce,0.43783303730017764,0.37084639498432603,0.06698664231585161,1.1801460044238836
other_cabinet,substantial,0.4147424511545293,0.34796238244514105,0.06678006870938824,1.1913675286186083
other_cabinet,purposes,0.5328596802841918,0.46614420062695927,0.06671547965723257,1.142815600766729
other_cabinet,prosperity,0.108348134991119,0.041692789968652035,0.06665534502246698,2.5612787328120246
other_cabinet,classification,0.23268206039076378,0.1664576802507837,0.06622438013998008,1.3954693510671043
other_cabinet,table,0.3561278863232682,0.28996865203761757,0.06615923428565063,1.227375814619017
other_cabinet,risk,0.4067495559502664,0.34075235109717866,0.06599720485308774,1.1931141209159413
other_cabinet,then,0.44493783303730017,0.37899686520376175,0.06594096783353842,1.173530294251716
other_cabinet,whether,0.5648312611012434,0.4993730407523511,0.06545822034889226,1.1308188391814047
