analysis,variable,block,subset,threshold,n_stations,n_cells,R1_obs_over_stationary,R1_obs_over_stationary_lo,R1_obs_over_stationary_hi,R2_obs_over_trend,R2_obs_over_trend_lo,R2_obs_over_trend_hi,R4_E2_over_E1,R4_E2_over_E1_lo,R4_E2_over_E1_hi,freq_obs_E2,freq_obs_E2_lo,freq_obs_E2_hi,freq_stat_E2,freq_stat_E2_lo,freq_stat_E2_hi,freq_trend_E2,freq_trend_E2_lo,freq_trend_E2_hi,freq_obs_E1,freq_obs_E1_lo,freq_obs_E1_hi,R1_obs_over_stationary_lo_cell,R1_obs_over_stationary_hi_cell,R2_obs_over_trend_lo_cell,R2_obs_over_trend_hi_cell,R4_E2_over_E1_lo_cell,R4_E2_over_E1_hi_cell,H1_verdict,H2_verdict,H4_verdict
primary,txx,3,all,1.0,2009,270,1.2736553909720902,0.6871006689401495,2.083451229214679,0.7911047435138754,0.4398076957283695,1.300679152802359,0.7888995848421221,0.3792848007494302,1.6482154954034274,0.005837604283974168,0.004492294609048434,0.007650649644533488,0.00458334673990485,0.004069295653592289,0.005139204107865908,0.0073790535726597885,0.006359095166202104,0.008434261030577756,0.0073996797515648504,0.005773384724900199,0.00891693317421206,0.9598084495975726,1.6870261773839592,0.6229869829959153,0.9952457852159412,0.5529291369568714,1.1462929671352198,inconclusive,inconclusive,inconclusive
threshold 0,txx,3,all,0.0,2009,270,1.0852469329977985,0.7778230942130623,1.4231995318993864,0.7688111669943115,0.5650565898533358,0.9782844693162881,0.9969271772307706,0.6326325133116746,1.5099461413464133,0.03647353542782285,0.030909434504043962,0.04287416602402991,0.03360851278986922,0.03341945978265641,0.033809158841352396,0.04744147456964907,0.04279858934188849,0.05283934466971754,0.03658595759134359,0.032522930420603044,0.040590851646751754,0.9184823858899416,1.2811423836389986,0.6948157263343926,0.8450602888516751,0.8329640177702186,1.1930757205650635,inconclusive,contradicted,inconclusive
threshold 2,txx,3,all,2.0,2009,270,1.6761068084614497,0.34362745543811135,4.523813026309117,0.9793327029582605,0.1973468688171153,2.6229299285699086,1.0988687917997748,0.20335532250516472,4.730735509461984,0.0006664981269104364,0.0002700883861219321,0.0013224226451275295,0.0003976465721311852,0.00029989151016023984,0.0005208455349889668,0.0006805635356576496,0.0005407932033287816,0.0008458379833512347,0.0006065311271774467,0.0003723985706726347,0.0008663702398272748,0.6843370482587444,3.13067599428959,0.4181954460328717,1.7649822012486391,0.412133920662799,2.486258778103753,inconclusive,inconclusive,inconclusive
TX7x,tx7x,3,all,1.0,2009,269,1.449429819887029,0.6412554725664018,2.656256428419084,0.8837940759802969,0.3929034800888911,1.562035708652624,0.9542957923910305,0.3442318480113108,2.6300634496866477,0.006251149108291966,0.004515119597754772,0.008322077995487965,0.004312833241404672,0.0038308210446779726,0.004771801456393492,0.007073083287368999,0.006085661800434378,0.008163298435938705,0.006550536173516425,0.005080723656510816,0.008151581511363897,1.0515561177962207,1.913976241851722,0.703132678836482,1.0602531823286179,0.624371064521566,1.4359186822349297,inconclusive,inconclusive,inconclusive
HCN/CRN/GSN subset,txx,3,hq,1.0,676,180,1.2267788293024893,0.5015519184787048,2.2626291129823013,0.8673026886383347,0.36073000253365023,1.5693562961517005,1.008220344757103,0.34868670310727,2.50421971948034,0.005723240444232473,0.003932182469839662,0.007818055637505641,0.00466525856782721,0.004028094942859636,0.0053508319176661205,0.006598896232200041,0.005684923507017269,0.007547595707889509,0.005676577024054495,0.004130525652900028,0.0073647239412323,0.8854060232653619,1.6172911439942943,0.6409234258043252,1.1121920862736814,0.6341931715820137,1.6558901624384132,inconclusive,inconclusive,inconclusive
excluding US,txx,3,nonUS,1.0,615,207,2.1208483393357342,1.1240962292461154,3.4591637102441237,0.7595190667946857,0.4102770163269077,1.2254234015269538,0.7958139213859268,0.36017845186854425,1.882141391577878,0.007925826229998505,0.005915065601773161,0.009997403055467778,0.003737101839389861,0.0032399618286569395,0.004354160641674843,0.010435322267085398,0.00901472059976778,0.011655298670890206,0.009959396307362292,0.007984145674755036,0.011906931243626068,1.5171344867089713,2.8413076535158255,0.5759358629447565,0.9746419129331974,0.5641837411727363,1.08510077355616,supported,inconclusive,inconclusive
"excluding US, threshold 0",txx,3,nonUS,0.0,615,207,1.7666476949345473,1.1602807699869757,2.4619555733055636,0.8854768110054729,0.5862353327054152,1.2314079138218934,1.2771915808554564,0.7528761497320141,2.145689664302349,0.05802302975923433,0.05038467957645596,0.06489056376721149,0.03284357708987588,0.03261245241786949,0.0330986378348229,0.0655274413040227,0.058812787774122334,0.07099782491394573,0.04543016930973723,0.04008590957171067,0.04991826959461759,1.5308735240994082,1.9808497637685063,0.8170125231699156,0.9548292794825667,1.1241853420553811,1.4408824921764625,supported,inconclusive,inconclusive
US only,txx,3,US,1.0,1394,66,0.990324264282751,0.36078186141731833,2.084647576321596,0.8153910571434871,0.2973527895717256,1.677890358068598,0.7903753809982035,0.23479025737841502,2.394540753458921,0.004910906858678701,0.003302260082688466,0.007205508756853838,0.004958887745960115,0.004252666735739224,0.005745580451574572,0.006022762716926035,0.004972092148577247,0.0071139358608818875,0.0062133854074205574,0.0043428900164689905,0.008251554322551246,0.6893136289442694,1.4217559214557594,0.5688828750961963,1.1180466865862124,0.4658282503245548,1.3497250915370236,inconclusive,inconclusive,inconclusive
"US only, threshold 0",txx,3,US,0.0,1394,66,0.7926966347046694,0.4565454329906524,1.1956413824298473,0.6827392407535555,0.3949520496073008,1.01723774930729,0.8283416478228477,0.39922209481195503,1.6114223577329403,0.026910442313435312,0.022360881721753784,0.03214725026233752,0.033947970932740476,0.03375694370349403,0.03417802961224373,0.039415402992998644,0.035743315843337925,0.04371664917626947,0.03248712941594177,0.02727155662586126,0.0370532191028499,0.6589271051502882,0.944673132410729,0.5835827727336813,0.7968150552897719,0.6351344476950104,1.114575046373447,inconclusive,inconclusive,inconclusive
block 1,txx,1,all,1.0,2009,270,1.301536222675425,0.7019460632366167,2.125500164302633,0.7992096005839894,0.4409693566345566,1.3182305279894482,0.7888995848421221,0.3792848007494302,1.6482154954034274,0.005837604283974168,0.004492294609048434,0.007650649644533488,0.004485164671002737,0.003976479850679771,0.005033315009910021,0.007304221920893568,0.006273128188977492,0.008336250374684396,0.0073996797515648504,0.005773384724900199,0.00891693317421206,0.9795698492433662,1.704369295494894,0.629267716476639,1.0034627273537782,0.5529291369568714,1.1462929671352198,inconclusive,inconclusive,inconclusive
block 5,txx,5,all,1.0,2009,270,1.2694795133995063,0.6874587352756221,2.0681703726352474,0.7915978433633557,0.4411136410576797,1.2965700810099705,0.7888995848421221,0.3792848007494302,1.6482154954034274,0.005837604283974168,0.004492294609048434,0.007650649644533488,0.004598423387189446,0.004087315548811131,0.005148980159678737,0.0073744570338535095,0.006363559846790119,0.008423690303925391,0.0073996797515648504,0.005773384724900199,0.00891693317421206,0.9583437277700976,1.6817527628909774,0.6226052012284056,0.9896162711067923,0.5529291369568714,1.1462929671352198,inconclusive,inconclusive,inconclusive
