event,model,world,scale,dTW_peak
E1,ACCESS-CM2,A,1.0,1.676015193270871
E1,ACCESS-CM2,A,0.5,0.8424009193963684
E1,ACCESS-CM2,A,-1.0,-1.270514239838917
E1,ACCESS-CM2,B,1.0,1.8562690494991898
E1,ACCESS-CM2,B,0.5,0.9511438605325111
E1,ACCESS-CM2,B,-1.0,-1.7475744367572474
E1,AWI-CM-1-1-MR,A,1.0,1.7586640224353118
E1,AWI-CM-1-1-MR,A,0.5,1.0257943679627601
E1,AWI-CM-1-1-MR,A,-1.0,-1.5952976136223356
E1,AWI-CM-1-1-MR,B,1.0,2.3125495917024637
E1,AWI-CM-1-1-MR,B,0.5,1.4555905136812726
E1,AWI-CM-1-1-MR,B,-1.0,-1.924557996175679
E1,BCC-CSM2-MR,A,1.0,1.6542073921673932
E1,BCC-CSM2-MR,A,0.5,0.9765178023638441
E1,BCC-CSM2-MR,A,-1.0,-1.4516380602459549
E1,BCC-CSM2-MR,B,1.0,2.220959002617178
E1,BCC-CSM2-MR,B,0.5,1.3383592268469897
E1,BCC-CSM2-MR,B,-1.0,-1.871015152527491
E1,CAS-ESM2-0,A,1.0,1.4337602299440846
E1,CAS-ESM2-0,A,0.5,0.7950506513575419
E1,CAS-ESM2-0,A,-1.0,-0.980517110449
E1,CAS-ESM2-0,B,1.0,1.8163614148084548
E1,CAS-ESM2-0,B,0.5,1.1367712941004129
E1,CAS-ESM2-0,B,-1.0,-1.290396079492325
E1,CESM2-WACCM,A,1.0,1.140354262641381
E1,CESM2-WACCM,A,0.5,0.5568165175047284
E1,CESM2-WACCM,A,-1.0,-1.1376219662452627
E1,CESM2-WACCM,B,1.0,1.8192086963727547
E1,CESM2-WACCM,B,0.5,0.8138900479555673
E1,CESM2-WACCM,B,-1.0,-1.6364987154223627
E1,CIESM,A,1.0,0.8339762661729537
E1,CIESM,A,0.5,0.3913126916917804
E1,CIESM,A,-1.0,-0.8827576983114227
E1,CIESM,B,1.0,1.3485500137226154
E1,CIESM,B,0.5,0.6087443342385086
E1,CIESM,B,-1.0,-1.121073873279613
E5,ACCESS-CM2,A,1.0,1.0017585011724464
E5,ACCESS-CM2,A,0.5,0.503020168267426
E5,ACCESS-CM2,A,-1.0,-0.9659822643335474
E5,ACCESS-CM2,B,1.0,1.0158314607529633
E5,ACCESS-CM2,B,0.5,0.589406890779685
E5,ACCESS-CM2,B,-1.0,-1.2511995712946486
E5,AWI-CM-1-1-MR,A,1.0,1.1233030851991543
E5,AWI-CM-1-1-MR,A,0.5,0.5619681409888244
E5,AWI-CM-1-1-MR,A,-1.0,-1.1120581496491013
E5,AWI-CM-1-1-MR,B,1.0,1.2343908666798598
E5,AWI-CM-1-1-MR,B,0.5,0.6141017182714563
E5,AWI-CM-1-1-MR,B,-1.0,-1.515089039322504
E5,BCC-CSM2-MR,A,1.0,1.0065232524823386
E5,BCC-CSM2-MR,A,0.5,0.4995134790187308
E5,BCC-CSM2-MR,A,-1.0,-0.9478508996046457
E5,BCC-CSM2-MR,B,1.0,1.056300670723715
E5,BCC-CSM2-MR,B,0.5,0.5512738914430315
E5,BCC-CSM2-MR,B,-1.0,-1.2755416902533057
E5,CAS-ESM2-0,A,1.0,0.8416147028050318
E5,CAS-ESM2-0,A,0.5,0.4030451736762757
E5,CAS-ESM2-0,A,-1.0,-0.6489986206697154
E5,CAS-ESM2-0,B,1.0,0.9180014060449366
E5,CAS-ESM2-0,B,0.5,0.46177755162796075
E5,CAS-ESM2-0,B,-1.0,-0.9101020603267784
E5,CESM2-WACCM,A,1.0,1.158000894984582
E5,CESM2-WACCM,A,0.5,0.5739120164208771
E5,CESM2-WACCM,A,-1.0,-1.1218925301138825
E5,CESM2-WACCM,B,1.0,1.1964903120259578
E5,CESM2-WACCM,B,0.5,0.6241856466434683
E5,CESM2-WACCM,B,-1.0,-1.5041306866106652
E5,CIESM,A,1.0,1.3550545016420301
E5,CIESM,A,0.5,0.6880873780118009
E5,CIESM,A,-1.0,-1.3560004741031548
E5,CIESM,B,1.0,1.469623349875576
E5,CIESM,B,0.5,0.76536062171715
E5,CIESM,B,-1.0,-1.8088404903093647
