event,lead,world,surface,d2t,d2d
E1,2,A,land,1.534298,1.0062908
E1,2,A,sea,1.080661,1.2572821
E1,2,B,land,2.2191203,2.2927914
E1,2,B,sea,1.9918855,1.3854346
E1,4,A,land,1.4818002,0.83056504
E1,4,A,sea,1.1971412,1.0640436
E1,4,B,land,2.0663147,2.192494
E1,4,B,sea,1.9666929,1.332397
E1,6,A,land,1.1313713,1.2787707
E1,6,A,sea,0.8172099,1.5494095
E1,6,B,land,1.7041779,2.2690923
E1,6,B,sea,1.6762629,1.7250534
E2,2,A,land,1.2404863,1.7148743
E2,2,A,sea,1.1765362,0.9702248
E2,2,B,land,1.9644972,3.5249739
E2,2,B,sea,1.6615642,1.3440298
E2,4,A,land,1.1896135,1.6854757
E2,4,A,sea,1.2709917,0.8834997
E2,4,B,land,1.99695,2.9984846
E2,4,B,sea,1.8056498,1.3275903
E2,6,A,land,1.5550972,0.6649845
E2,6,A,sea,1.3621306,0.9964092
E2,6,B,land,2.4260876,1.7788343
E2,6,B,sea,2.0804412,0.90159327
E3,2,A,land,0.9061975,1.3390895
E3,2,A,sea,0.9879704,0.9229962
E3,2,B,land,1.4689113,3.0962808
E3,2,B,sea,1.314851,1.356048
E3,4,A,land,0.720005,1.4561348
E3,4,A,sea,1.1353729,0.97057897
E3,4,B,land,1.3450371,3.2607996
E3,4,B,sea,1.5867362,1.6026868
E3,6,A,land,0.7298073,1.465856
E3,6,A,sea,1.107721,1.1447207
E3,6,B,land,1.3999147,3.4877956
E3,6,B,sea,1.651138,1.5931545
E4,2,A,land,1.165247,2.2549493
E4,2,A,sea,1.2091957,0.97104985
E4,2,B,land,1.6166534,3.1916816
E4,2,B,sea,1.6645535,1.2500504
E4,4,A,land,1.0481001,2.2465403
E4,4,A,sea,1.2507488,0.6500497
E4,4,B,land,1.7760425,2.9152555
E4,4,B,sea,1.8444036,1.5035905
E4,6,A,land,1.0998583,2.3530943
E4,6,A,sea,1.3294611,0.74552125
E4,6,B,land,2.357096,3.0367403
E4,6,B,sea,1.9823765,1.3948649
E5,2,A,land,1.3106169,0.8445851
E5,2,A,sea,1.1600868,0.7487479
E5,2,B,land,1.5455612,0.9976659
E5,2,B,sea,1.5062175,0.8997776
E5,4,A,land,1.0505555,0.6871822
E5,4,A,sea,1.1106024,0.70033485
E5,4,B,land,1.3738874,0.9299659
E5,4,B,sea,1.469205,0.84594774
E5,6,A,land,1.1815661,0.8661921
E5,6,A,sea,1.1501304,0.8231664
E5,6,B,land,1.750518,0.8675625
E5,6,B,sea,1.7323204,0.90385276
E6,2,A,land,1.45764,1.2343756
E6,2,A,sea,1.0396663,0.8276275
E6,2,B,land,1.3522205,0.9784958
E6,2,B,sea,1.3421937,0.9507703
E6,4,A,land,1.4872435,2.1995044
E6,4,A,sea,1.0421038,0.76934075
E6,4,B,land,1.6585821,0.8654368
E6,4,B,sea,1.4522791,1.0989732
E6,6,A,land,0.9902897,1.0690697
E6,6,A,sea,0.9567251,0.55624706
E6,6,B,land,1.7429314,1.4089751
E6,6,B,sea,1.6573871,1.1376773
