variant,task,acc,chance,mass,excess_points
newline then letter,arc_challenge,0.318,0.2504,0.9963946652412414,6.76
newline then letter,arc_easy,0.376,0.25066666666666665,0.9941341063976288,12.533333333333335
newline then letter,csqa,0.386,0.2,0.9976364158391953,18.6
newline then letter,hellaswag,0.246,0.25,0.9922421929836274,-0.40000000000000036
newline then letter,mmlu,0.268,0.25,0.9920478694438934,1.8000000000000016
newline then letter,piqa,0.5,0.5,0.9842423621416092,0.0
study prompt (' A' after 'Answer:'),arc_challenge,0.246,0.2504,0.004702095123997424,-0.4400000000000015
study prompt (' A' after 'Answer:'),arc_easy,0.24,0.25066666666666665,0.022116275659762322,-1.0666666666666658
study prompt (' A' after 'Answer:'),csqa,0.202,0.2,2.9645063488715094e-05,0.20000000000000018
study prompt (' A' after 'Answer:'),hellaswag,0.252,0.25,0.17928727095760405,0.20000000000000018
study prompt (' A' after 'Answer:'),mmlu,0.268,0.25,0.2928319878003676,1.8000000000000016
study prompt (' A' after 'Answer:'),piqa,0.5,0.5,0.04711808943096548,0.0
