run,revision,single,shards,single_sha
pythia-1b,step512,True,0,71298cbedad6
pythia-1b,step1000,True,0,4a2635eb35ef
pythia-1b,step2000,True,0,ad9a33e7a060
pythia-1b,step3000,True,0,dbf771dd3b24
pythia-1b,step5000,True,0,ce15178492c9
pythia-1b,step7000,True,0,3f39d42a2907
pythia-1b,step10000,True,0,c2d110598c5e
pythia-1b,step15000,True,0,dabe66a13ed5
pythia-1b,step22000,True,0,01586e047c02
pythia-1b,step32000,True,0,57bfd83c56e3
pythia-1b,step46000,True,0,a00d2226253f
pythia-1b,step67000,True,0,8403ad6c0b03
pythia-1b,step98000,True,0,c4bd24c104d6
pythia-1b,step143000,True,0,53edd414f395
pythia-1.4b,step512,False,2,
pythia-1.4b,step1000,False,2,
pythia-1.4b,step2000,False,2,
pythia-1.4b,step3000,False,2,
pythia-1.4b,step5000,False,2,
pythia-1.4b,step7000,False,2,
pythia-1.4b,step10000,False,2,
pythia-1.4b,step15000,False,2,
pythia-1.4b,step22000,False,2,
pythia-1.4b,step32000,False,2,
pythia-1.4b,step46000,False,2,
pythia-1.4b,step67000,False,2,
pythia-1.4b,step98000,False,2,
pythia-1.4b,step143000,False,2,
pythia-2.8b,step512,True,2,ab496f1c3fd7
pythia-2.8b,step1000,True,2,ab496f1c3fd7
pythia-2.8b,step2000,True,2,ab496f1c3fd7
pythia-2.8b,step3000,True,2,ab496f1c3fd7
pythia-2.8b,step5000,True,2,ab496f1c3fd7
pythia-2.8b,step7000,True,2,ab496f1c3fd7
pythia-2.8b,step10000,True,2,ab496f1c3fd7
pythia-2.8b,step15000,True,2,ab496f1c3fd7
pythia-2.8b,step22000,True,2,ab496f1c3fd7
pythia-2.8b,step32000,True,0,ab496f1c3fd7
pythia-2.8b,step46000,True,0,ab496f1c3fd7
pythia-2.8b,step67000,True,0,5edfda114c43
pythia-2.8b,step98000,True,0,385da7edc775
pythia-2.8b,step143000,True,0,462f2b960062
pythia-6.9b,step512,False,0,
pythia-6.9b,step1000,False,0,
pythia-6.9b,step2000,False,0,
pythia-6.9b,step3000,False,0,
pythia-6.9b,step5000,False,0,
pythia-6.9b,step7000,False,0,
pythia-6.9b,step10000,False,0,
pythia-6.9b,step15000,False,0,
pythia-6.9b,step22000,False,0,
pythia-6.9b,step32000,False,0,
pythia-6.9b,step46000,False,0,
pythia-6.9b,step67000,False,0,
pythia-6.9b,step98000,False,0,
pythia-6.9b,step143000,False,0,
pythia-410m,step512,True,0,85ec96c39ebd
pythia-410m,step1000,True,0,6637e3a83ee3
pythia-410m,step2000,True,0,be6bd059dc6b
pythia-410m,step3000,True,0,2ac65105f719
pythia-410m,step5000,True,0,7483b0dd306a
pythia-410m,step7000,True,0,d1dfc23919f0
pythia-410m,step10000,True,0,697128ba5268
pythia-410m,step15000,True,0,c8ea116423e7
pythia-410m,step22000,True,0,8c9b461211bd
pythia-410m,step32000,True,0,c30a2dd44723
pythia-410m,step46000,True,0,41521b3faa35
pythia-410m,step67000,True,0,43fddf15baae
pythia-410m,step98000,True,0,1b9925a44138
pythia-410m,step143000,True,0,1c88b0bf1829
pythia-410m-seed1,step512,False,0,
pythia-410m-seed1,step1000,False,0,
pythia-410m-seed1,step2000,False,0,
pythia-410m-seed1,step3000,False,0,
pythia-410m-seed1,step5000,False,0,
pythia-410m-seed1,step7000,False,0,
pythia-410m-seed1,step10000,False,0,
pythia-410m-seed1,step15000,False,0,
pythia-410m-seed1,step22000,False,0,
pythia-410m-seed1,step32000,False,0,
pythia-410m-seed1,step46000,False,0,
pythia-410m-seed1,step67000,False,0,
pythia-410m-seed1,step98000,False,0,
pythia-410m-seed1,step143000,False,0,
pythia-410m-seed2,step512,False,0,
pythia-410m-seed2,step1000,False,0,
pythia-410m-seed2,step2000,False,0,
pythia-410m-seed2,step3000,False,0,
pythia-410m-seed2,step5000,False,0,
pythia-410m-seed2,step7000,False,0,
pythia-410m-seed2,step10000,False,0,
pythia-410m-seed2,step15000,False,0,
pythia-410m-seed2,step22000,False,0,
pythia-410m-seed2,step32000,False,0,
pythia-410m-seed2,step46000,False,0,
pythia-410m-seed2,step67000,False,0,
pythia-410m-seed2,step98000,False,0,
pythia-410m-seed2,step143000,False,0,
pythia-410m-seed3,step512,False,0,
pythia-410m-seed3,step1000,False,0,
pythia-410m-seed3,step2000,False,0,
pythia-410m-seed3,step3000,False,0,
pythia-410m-seed3,step5000,False,0,
pythia-410m-seed3,step7000,False,0,
pythia-410m-seed3,step10000,False,0,
pythia-410m-seed3,step15000,False,0,
pythia-410m-seed3,step22000,False,0,
pythia-410m-seed3,step32000,False,0,
pythia-410m-seed3,step46000,False,0,
pythia-410m-seed3,step67000,False,0,
pythia-410m-seed3,step98000,False,0,
pythia-410m-seed3,step143000,False,0,
pythia-410m-seed4,step512,False,0,
pythia-410m-seed4,step1000,False,0,
pythia-410m-seed4,step2000,False,0,
pythia-410m-seed4,step3000,False,0,
pythia-410m-seed4,step5000,False,0,
pythia-410m-seed4,step7000,False,0,
pythia-410m-seed4,step10000,False,0,
pythia-410m-seed4,step15000,False,0,
pythia-410m-seed4,step22000,False,0,
pythia-410m-seed4,step32000,False,0,
pythia-410m-seed4,step46000,False,0,
pythia-410m-seed4,step67000,False,0,
pythia-410m-seed4,step98000,False,0,
pythia-410m-seed4,step143000,False,0,
pythia-410m-seed5,step512,False,0,
pythia-410m-seed5,step1000,False,0,
pythia-410m-seed5,step2000,False,0,
pythia-410m-seed5,step3000,False,0,
pythia-410m-seed5,step5000,False,0,
pythia-410m-seed5,step7000,False,0,
pythia-410m-seed5,step10000,False,0,
pythia-410m-seed5,step15000,False,0,
pythia-410m-seed5,step22000,False,0,
pythia-410m-seed5,step32000,False,0,
pythia-410m-seed5,step46000,False,0,
pythia-410m-seed5,step67000,False,0,
pythia-410m-seed5,step98000,False,0,
pythia-410m-seed5,step143000,False,0,
pythia-410m-seed6,step512,False,0,
pythia-410m-seed6,step1000,False,0,
pythia-410m-seed6,step2000,False,0,
pythia-410m-seed6,step3000,False,0,
pythia-410m-seed6,step5000,False,0,
pythia-410m-seed6,step7000,False,0,
pythia-410m-seed6,step10000,False,0,
pythia-410m-seed6,step15000,False,0,
pythia-410m-seed6,step22000,False,0,
pythia-410m-seed6,step32000,False,0,
pythia-410m-seed6,step46000,False,0,
pythia-410m-seed6,step67000,False,0,
pythia-410m-seed6,step98000,False,0,
pythia-410m-seed6,step143000,False,0,
pythia-410m-seed7,step512,False,0,
pythia-410m-seed7,step1000,False,0,
pythia-410m-seed7,step2000,False,0,
pythia-410m-seed7,step3000,False,0,
pythia-410m-seed7,step5000,False,0,
pythia-410m-seed7,step7000,False,0,
pythia-410m-seed7,step10000,False,0,
pythia-410m-seed7,step15000,False,0,
pythia-410m-seed7,step22000,False,0,
pythia-410m-seed7,step32000,False,0,
pythia-410m-seed7,step46000,False,0,
pythia-410m-seed7,step67000,False,0,
pythia-410m-seed7,step98000,False,0,
pythia-410m-seed7,step143000,False,0,
pythia-410m-seed8,step512,False,0,
pythia-410m-seed8,step1000,False,0,
pythia-410m-seed8,step2000,False,0,
pythia-410m-seed8,step3000,False,0,
pythia-410m-seed8,step5000,False,0,
pythia-410m-seed8,step7000,False,0,
pythia-410m-seed8,step10000,False,0,
pythia-410m-seed8,step15000,False,0,
pythia-410m-seed8,step22000,False,0,
pythia-410m-seed8,step32000,False,0,
pythia-410m-seed8,step46000,False,0,
pythia-410m-seed8,step67000,False,0,
pythia-410m-seed8,step98000,False,0,
pythia-410m-seed8,step143000,False,0,
pythia-410m-seed9,step512,False,0,
pythia-410m-seed9,step1000,False,0,
pythia-410m-seed9,step2000,False,0,
pythia-410m-seed9,step3000,False,0,
pythia-410m-seed9,step5000,False,0,
pythia-410m-seed9,step7000,False,0,
pythia-410m-seed9,step10000,False,0,
pythia-410m-seed9,step15000,False,0,
pythia-410m-seed9,step22000,False,0,
pythia-410m-seed9,step32000,False,0,
pythia-410m-seed9,step46000,False,0,
pythia-410m-seed9,step67000,False,0,
pythia-410m-seed9,step98000,False,0,
pythia-410m-seed9,step143000,False,0,
OLMo-2-0425-1B,stage1-step300-tokens1B,False,2,
OLMo-2-0425-1B,stage1-step10000-tokens21B,False,2,
OLMo-2-0425-1B,stage1-step20000-tokens42B,False,2,
OLMo-2-0425-1B,stage1-step23100-tokens49B,False,2,
OLMo-2-0425-1B,stage1-step40000-tokens84B,False,2,
OLMo-2-0425-1B,stage1-step50000-tokens105B,False,2,
OLMo-2-0425-1B,stage1-step70000-tokens147B,False,2,
OLMo-2-0425-1B,stage1-step100000-tokens210B,False,2,
OLMo-2-0425-1B,stage1-step150000-tokens315B,False,2,
OLMo-2-0425-1B,stage1-step220000-tokens462B,False,2,
OLMo-2-0425-1B,stage1-step310000-tokens651B,False,2,
OLMo-2-0425-1B,stage1-step450000-tokens944B,False,2,
OLMo-2-0425-1B,stage1-step640000-tokens1343B,False,2,
OLMo-2-0425-1B,stage1-step920000-tokens1930B,False,2,
OLMo-2-0425-1B,stage1-step1330000-tokens2790B,False,2,
OLMo-2-0425-1B,stage1-step1907359-tokens4001B,False,2,
OLMo-2-1124-7B,stage1-step850-tokens4B,False,6,
OLMo-2-1124-7B,stage1-step1000-tokens5B,False,6,
OLMo-2-1124-7B,stage1-step2000-tokens9B,False,6,
OLMo-2-1124-7B,stage1-step3000-tokens13B,False,6,
OLMo-2-1124-7B,stage1-step4000-tokens17B,False,6,
OLMo-2-1124-7B,stage1-step6000-tokens26B,False,6,
OLMo-2-1124-7B,stage1-step8000-tokens34B,False,6,
OLMo-2-1124-7B,stage1-step12000-tokens51B,False,6,
OLMo-2-1124-7B,stage1-step17000-tokens72B,False,6,
OLMo-2-1124-7B,stage1-step25000-tokens105B,False,6,
OLMo-2-1124-7B,stage1-step36000-tokens151B,False,6,
OLMo-2-1124-7B,stage1-step51000-tokens214B,False,6,
OLMo-2-1124-7B,stage1-step73000-tokens307B,False,6,
OLMo-2-1124-7B,stage1-step106000-tokens445B,False,6,
OLMo-2-1124-7B,stage1-step152000-tokens638B,False,6,
OLMo-2-1124-7B,stage1-step218000-tokens915B,False,6,
OLMo-2-1124-7B,stage1-step313000-tokens1313B,False,6,
OLMo-2-1124-7B,stage1-step450000-tokens1888B,False,6,
OLMo-2-1124-7B,stage1-step647000-tokens2714B,False,6,
OLMo-2-1124-7B,stage1-step928646-tokens3896B,False,6,
pythia-160m,step512,True,0,5e1361a5f900
pythia-160m,step1000,True,0,a9af4ab58fe5
pythia-160m,step2000,True,0,480015741efe
pythia-160m,step3000,True,0,516ef1d15308
pythia-160m,step5000,True,0,ca571084c16b
pythia-160m,step7000,True,0,fa79ce1806a3
pythia-160m,step10000,True,0,20abd9c1b9f7
pythia-160m,step15000,True,0,d1ac6f21256b
pythia-160m,step22000,True,0,350f24e128a6
pythia-160m,step32000,True,0,837a7b56674b
pythia-160m,step46000,True,0,bdcf36e1e9b3
pythia-160m,step67000,True,0,21c2246b42d7
pythia-160m,step98000,True,0,79d520c93967
pythia-160m,step143000,True,0,d829d1a5cf66
pythia-160m-seed1,step512,False,0,
pythia-160m-seed1,step1000,False,0,
pythia-160m-seed1,step2000,False,0,
pythia-160m-seed1,step3000,False,0,
pythia-160m-seed1,step5000,False,0,
pythia-160m-seed1,step7000,False,0,
pythia-160m-seed1,step10000,False,0,
pythia-160m-seed1,step15000,False,0,
pythia-160m-seed1,step22000,False,0,
pythia-160m-seed1,step32000,False,0,
pythia-160m-seed1,step46000,False,0,
pythia-160m-seed1,step67000,False,0,
pythia-160m-seed1,step98000,False,0,
pythia-160m-seed1,step143000,False,0,
pythia-160m-seed2,step512,False,0,
pythia-160m-seed2,step1000,False,0,
pythia-160m-seed2,step2000,False,0,
pythia-160m-seed2,step3000,False,0,
pythia-160m-seed2,step5000,False,0,
pythia-160m-seed2,step7000,False,0,
pythia-160m-seed2,step10000,False,0,
pythia-160m-seed2,step15000,False,0,
pythia-160m-seed2,step22000,False,0,
pythia-160m-seed2,step32000,False,0,
pythia-160m-seed2,step46000,False,0,
pythia-160m-seed2,step67000,False,0,
pythia-160m-seed2,step98000,False,0,
pythia-160m-seed2,step143000,False,0,
pythia-160m-seed3,step512,False,0,
pythia-160m-seed3,step1000,False,0,
pythia-160m-seed3,step2000,False,0,
pythia-160m-seed3,step3000,False,0,
pythia-160m-seed3,step5000,False,0,
pythia-160m-seed3,step7000,False,0,
pythia-160m-seed3,step10000,False,0,
pythia-160m-seed3,step15000,False,0,
pythia-160m-seed3,step22000,False,0,
pythia-160m-seed3,step32000,False,0,
pythia-160m-seed3,step46000,False,0,
pythia-160m-seed3,step67000,False,0,
pythia-160m-seed3,step98000,False,0,
pythia-160m-seed3,step143000,False,0,
pythia-160m-seed4,step512,False,0,
pythia-160m-seed4,step1000,False,0,
pythia-160m-seed4,step2000,False,0,
pythia-160m-seed4,step3000,False,0,
pythia-160m-seed4,step5000,False,0,
pythia-160m-seed4,step7000,False,0,
pythia-160m-seed4,step10000,False,0,
pythia-160m-seed4,step15000,False,0,
pythia-160m-seed4,step22000,False,0,
pythia-160m-seed4,step32000,False,0,
pythia-160m-seed4,step46000,False,0,
pythia-160m-seed4,step67000,False,0,
pythia-160m-seed4,step98000,False,0,
pythia-160m-seed4,step143000,False,0,
pythia-160m-seed5,step512,False,0,
pythia-160m-seed5,step1000,False,0,
pythia-160m-seed5,step2000,False,0,
pythia-160m-seed5,step3000,False,0,
pythia-160m-seed5,step5000,False,0,
pythia-160m-seed5,step7000,False,0,
pythia-160m-seed5,step10000,False,0,
pythia-160m-seed5,step15000,False,0,
pythia-160m-seed5,step22000,False,0,
pythia-160m-seed5,step32000,False,0,
pythia-160m-seed5,step46000,False,0,
pythia-160m-seed5,step67000,False,0,
pythia-160m-seed5,step98000,False,0,
pythia-160m-seed5,step143000,False,0,
pythia-160m-seed6,step512,False,0,
pythia-160m-seed6,step1000,False,0,
pythia-160m-seed6,step2000,False,0,
pythia-160m-seed6,step3000,False,0,
pythia-160m-seed6,step5000,False,0,
pythia-160m-seed6,step7000,False,0,
pythia-160m-seed6,step10000,False,0,
pythia-160m-seed6,step15000,False,0,
pythia-160m-seed6,step22000,False,0,
pythia-160m-seed6,step32000,False,0,
pythia-160m-seed6,step46000,False,0,
pythia-160m-seed6,step67000,False,0,
pythia-160m-seed6,step98000,False,0,
pythia-160m-seed6,step143000,False,0,
pythia-160m-seed7,step512,False,0,
pythia-160m-seed7,step1000,False,0,
pythia-160m-seed7,step2000,False,0,
pythia-160m-seed7,step3000,False,0,
pythia-160m-seed7,step5000,False,0,
pythia-160m-seed7,step7000,False,0,
pythia-160m-seed7,step10000,False,0,
pythia-160m-seed7,step15000,False,0,
pythia-160m-seed7,step22000,False,0,
pythia-160m-seed7,step32000,False,0,
pythia-160m-seed7,step46000,False,0,
pythia-160m-seed7,step67000,False,0,
pythia-160m-seed7,step98000,False,0,
pythia-160m-seed7,step143000,False,0,
pythia-160m-seed8,step512,False,0,
pythia-160m-seed8,step1000,False,0,
pythia-160m-seed8,step2000,False,0,
pythia-160m-seed8,step3000,False,0,
pythia-160m-seed8,step5000,False,0,
pythia-160m-seed8,step7000,False,0,
pythia-160m-seed8,step10000,False,0,
pythia-160m-seed8,step15000,False,0,
pythia-160m-seed8,step22000,False,0,
pythia-160m-seed8,step32000,False,0,
pythia-160m-seed8,step46000,False,0,
pythia-160m-seed8,step67000,False,0,
pythia-160m-seed8,step98000,False,0,
pythia-160m-seed8,step143000,False,0,
pythia-160m-seed9,step512,False,0,
pythia-160m-seed9,step1000,False,0,
pythia-160m-seed9,step2000,False,0,
pythia-160m-seed9,step3000,False,0,
pythia-160m-seed9,step5000,False,0,
pythia-160m-seed9,step7000,False,0,
pythia-160m-seed9,step10000,False,0,
pythia-160m-seed9,step15000,False,0,
pythia-160m-seed9,step22000,False,0,
pythia-160m-seed9,step32000,False,0,
pythia-160m-seed9,step46000,False,0,
pythia-160m-seed9,step67000,False,0,
pythia-160m-seed9,step98000,False,0,
pythia-160m-seed9,step143000,False,0,
OLMo-7B-0424-hf,step1000-tokens4B,False,6,
OLMo-7B-0424-hf,step1500-tokens6B,False,6,
OLMo-7B-0424-hf,step2000-tokens8B,False,6,
OLMo-7B-0424-hf,step3000-tokens12B,False,6,
OLMo-7B-0424-hf,step4000-tokens16B,False,6,
OLMo-7B-0424-hf,step5500-tokens23B,False,6,
OLMo-7B-0424-hf,step7500-tokens31B,False,6,
OLMo-7B-0424-hf,step10500-tokens44B,False,6,
OLMo-7B-0424-hf,step15000-tokens62B,False,6,
OLMo-7B-0424-hf,step21000-tokens88B,False,6,
OLMo-7B-0424-hf,step30000-tokens125B,False,6,
OLMo-7B-0424-hf,step41500-tokens174B,False,6,
OLMo-7B-0424-hf,step59000-tokens247B,False,6,
OLMo-7B-0424-hf,step83000-tokens348B,False,6,
OLMo-7B-0424-hf,step117000-tokens490B,False,6,
OLMo-7B-0424-hf,step165000-tokens691B,False,6,
OLMo-7B-0424-hf,step233000-tokens976B,False,6,
OLMo-7B-0424-hf,step328000-tokens1375B,False,6,
OLMo-7B-0424-hf,step462000-tokens1937B,False,6,
OLMo-7B-0424-hf,step651581-tokens2731B,False,6,
OLMo-1B-0724-hf,step2000-tokens4B,False,2,
OLMo-1B-0724-hf,step3000-tokens6B,False,2,
OLMo-1B-0724-hf,step4000-tokens8B,False,2,
OLMo-1B-0724-hf,step6000-tokens12B,False,2,
OLMo-1B-0724-hf,step8000-tokens16B,False,2,
OLMo-1B-0724-hf,step11000-tokens23B,False,2,
OLMo-1B-0724-hf,step16000-tokens33B,False,2,
OLMo-1B-0724-hf,step22000-tokens46B,False,2,
OLMo-1B-0724-hf,step31000-tokens64B,False,2,
OLMo-1B-0724-hf,step44000-tokens92B,False,2,
OLMo-1B-0724-hf,step63000-tokens132B,False,2,
OLMo-1B-0724-hf,step89000-tokens186B,False,2,
OLMo-1B-0724-hf,step126000-tokens264B,False,2,
OLMo-1B-0724-hf,step179000-tokens375B,False,2,
OLMo-1B-0724-hf,step254000-tokens532B,False,2,
OLMo-1B-0724-hf,step360000-tokens754B,False,2,
OLMo-1B-0724-hf,step510000-tokens1069B,False,2,
OLMo-1B-0724-hf,step723000-tokens1515B,False,2,
OLMo-1B-0724-hf,step1026000-tokens2150B,False,2,
OLMo-1B-0724-hf,step1454000-tokens3048B,False,2,
