label,h,n_cells,n_origins,MAE_M1,MAE_B1,MAE_B2,reduction_vs_B1,DM_stat_B1,DM_p_B1,reduction_vs_B2,DM_stat_B2,DM_p_B2,PI80_coverage,PI80_recent_coverage_posthoc,MAE_M2
"primary cells, h=1",1,2348,47.0,2.2960480084022197,2.878446918820623,2.940601200272383,0.20233095375509924,7.247221390948392,2.1271873151818e-13,0.21919095721325954,6.159636520836312,3.645604929047863e-10,0.7743933918430562,0.7643923240938166,
"primary cells, h=2",2,2439,49.0,2.429794910652397,3.275958873127061,3.5525611542004154,0.2582950504708137,8.063833697368294,3.3306690738754696e-16,0.31604417061772516,5.923619016973031,1.5746630666058081e-09,0.7575910931174089,0.7517314864144912,
"primary cells, h=3",3,2396,48.0,3.8265534837319737,3.514018882558642,4.134088998592484,-0.08893936305366923,-1.1620573034823198,0.87739390544014,0.07439015342079358,1.253219197848051,0.10506297257359554,0.6354443853113358,0.6804435483870968,
"primary cells, h=4",4,2471,50.0,4.186386126691517,3.9994068992626417,4.798546955172444,-0.04675173897993434,-0.6981306477198487,0.7574522534406918,0.1275721242700495,3.1087704367603393,0.0009393381297638781,0.6134453781512605,0.6684945164506481,
"group Total, h=4",4,1000,50.0,3.178957649779025,2.971653309603239,3.700943624858826,-0.06976060750621826,-0.5907270507192084,0.7226483399579067,0.14104132026591265,2.872906301109814,0.002033573615570883,0.5743589743589743,0.6609756097560976,
"group Maori, h=4",4,945,50.0,4.834085711398629,4.7628499650685505,5.694919634588508,-0.014956537966245298,-0.34006770297582883,0.6330972284289689,0.15115822143679458,4.040227890733363,2.6699644202654582e-05,0.6386206896551724,0.6967320261437908,
"group Pacific, h=4",4,526,50.0,4.9380066007680785,4.581726086473326,5.2748419138519855,-0.07776119907006285,-1.1354121640926436,0.8718986673094322,0.06385694938067465,0.20206971651442884,0.4199311111058688,0.6441102756892231,0.6318289786223278,
"group Asian, h=4",4,676,50.0,3.221768784717836,3.322992212667991,3.8314524898140596,0.030461530293170225,-0.7916245047162128,0.7857101728870948,0.15912599900874969,1.2479324660102489,0.10602789499109444,0.7140077821011673,0.712707182320442,
"group European or Other, h=4",4,673,50.0,2.2926145753828466,2.2544676643724753,2.7650246108637,-0.016920584674249284,-0.4983161178527481,0.6908693753991835,0.17085201832373142,1.2211549080232145,0.11101368672719159,0.6012145748987854,0.6622390891840607,
"national, all groups, h=4",4,250,50.0,3.1960751586381453,2.3828385315386806,3.3643864318619507,-0.3412890199380525,-1.644724454481709,0.9499866762992571,0.05002733087669031,0.7950346093879505,0.21329668510826805,0.2564102564102564,0.2731707317073171,
h=4 excluding schedule-change and AIR-migration targets,4,1961,40.0,3.533753045809001,3.365131115380228,4.229325472829786,-0.05010857664894286,-0.6638466660163146,0.7466057727413421,0.16446415190538333,2.937683549720994,0.001653371812568083,0.6513629842180775,0.7486631016042781,
"h=4, targets 2013-2016",4,775,15.0,2.0590484821620287,2.479274406698219,3.032398966229536,0.16949552796611456,4.921452629322588,4.2952098266990646e-07,0.3209836485592015,9.066219844681834,0.0,0.8221153846153846,0.8193548387096774,
"h=4, targets 2017-2019",4,625,12.0,2.2238024729834955,2.8547319860146656,3.1926324337965974,0.22101182041680068,5.883977906957378,2.0026066360756545e-09,0.3034580337395727,37.29977575264695,0.0,0.7696,0.7664,
"h=4, targets 2020-2022",4,573,11.0,5.827209037589631,5.825365469677083,6.336236532191529,-0.00031647248951927054,-0.017837823617454698,0.5071158846645509,0.080335936326834,2.015805286479794,0.02191017027829001,0.518324607329843,0.49040139616055844,
"h=4, targets 2023-2026",4,498,12.0,8.072149038605668,5.700712605427176,7.7932560709530145,-0.4159894731267182,-2.014617493637187,0.9780276284600639,-0.035786449862996506,-0.726135193675767,0.7661220520787764,0.4397590361445783,0.6566265060240963,
"M2 vs M1, h=4 (common cells)",4,2377,,4.112933432508416,,,,,,,,,,,3.7781833477737736
