,gap_24_minus_12_cohort_pp,denominator_ratio_n24_over_n12
2009Q2,,
2009Q4,,
2010Q1,,
2010Q2,2.286,1.0042
2010Q3,,
2010Q4,1.2402,0.9957
2011Q1,1.4565,1.0032
2011Q2,2.8684,0.9969
2011Q3,1.6694,1.0005
2011Q4,2.2608,0.9907
2012Q1,3.1193,0.9804
2012Q2,3.5215,0.9788
2012Q3,0.2009,0.9817
2012Q4,0.597,0.9908
2013Q1,0.6503,0.9964
2013Q2,1.0864,0.9959
2013Q3,1.4275,0.9925
2013Q4,0.9289,0.9981
2014Q1,-0.1677,0.9982
2014Q2,0.0731,1.0029
2014Q3,-0.0367,1.0051
2014Q4,-0.1666,1.0054
2015Q1,-0.5794,1.009
2015Q2,-0.8407,1.0077
2015Q3,-0.9593,1.0072
2015Q4,-1.1245,1.0128
2016Q1,-1.0478,1.008
2016Q2,-1.1548,1.0136
2016Q3,-1.3842,1.0163
2016Q4,-1.5053,1.0129
2017Q1,-1.5826,1.0145
2017Q2,-1.6255,1.0116
2017Q3,-1.9102,1.0086
2017Q4,-1.997,1.0122
2018Q1,-2.4465,1.0163
2018Q2,-2.14,1.0107
2018Q3,-2.5759,1.0126
2018Q4,-2.4659,1.0136
2019Q1,-2.4698,1.0128
2019Q2,-2.2822,1.0126
2019Q3,-1.7579,1.0139
2019Q4,-1.0777,1.0104
2020Q1,-0.2697,1.0127
2020Q2,-0.9674,1.012
2020Q3,-1.8437,1.0056
2020Q4,-3.3851,1.0041
2021Q1,-5.2589,1.0045
2021Q2,-7.4782,1.0035
2021Q3,-9.2137,1.0039
2021Q4,-8.222,1.0049
2022Q1,-6.9032,1.0005
2022Q3,-7.8044,1.0033
2022Q4,-7.427,1.0034
2023Q1,-6.5635,1.0043
2023Q3,-4.9403,1.0089
2023Q4,-7.0202,1.0103
2024Q1,-10.2017,1.0388
2024Q2,,
2024Q3,-12.4712,1.0428
2024Q4,-9.5166,1.0265
2025Q1,-4.2315,0.9928
2025Q2,0.2359,0.9851
2025Q3,0.486,0.9809
2025Q4,-0.5308,0.9863
2026Q1,0.1638,0.9828
2026Q2,-0.3415,0.9836
