period,label,submitter,n,share,frac_text,frac_bp4,frac_pp3,frac_comp,median_revel,frac_new_gene
2021-2022,B,"Labcorp Genetics (formerly Invitae), Labcorp",10232,0.40949293632689,0.0,0.0,0.0,0.0,0.198,0.0
2021-2022,B,Ambry Genetics,3208,0.1283867611157802,0.9990648379052369,0.0,0.0,0.9990648379052369,0.14,0.0
2021-2022,B,GeneDx,2006,0.08028174650818426,0.2946161515453639,0.0,0.0,0.16151545363908276,0.171,0.0
2021-2022,B,Blueprint Genetics,1922,0.07691999839916756,0.0,0.0,0.0,0.0,0.145,0.0
2021-2022,B,"PreventionGenetics, part of Exact Sciences",1908,0.07635970704766479,0.999475890985325,0.0,0.0,0.0,0.152,0.0
2021-2022,B,"Breakthrough Genomics, Breakthrough Genomics",1481,0.059270820826829954,0.0,0.0,0.0,0.0,0.138,0.0
2021-2022,B,CeGaT Center for Human Genetics Tuebingen,1441,0.05766998839396486,0.0922970159611381,0.48854961832061067,0.021512838306731435,0.0,0.152,0.0
2021-2022,B,"Women's Health and Genetics/Laboratory Corporation of America, LabCorp",329,0.013166846760315364,0.7811550151975684,0.0,0.0,0.2887537993920973,0.146,0.0
2021-2022,P,"Labcorp Genetics (formerly Invitae), Labcorp",5543,0.23918015102481122,0.9891755367129713,0.0,0.0,0.007216308858019123,0.894,0.16561428829153887
2021-2022,P,GeneDx,1761,0.07598705501618123,0.9982964224872232,0.0,0.0,0.9415105053946621,0.842,0.24304372515616127
2021-2022,P,OMIM,1159,0.05001078748651564,0.0,0.0,0.0,0.0,0.813,0.3899913718723037
2021-2022,P,Blueprint Genetics,896,0.03866235167206041,0.0,0.0,0.0,0.0,0.8625,0.2109375
2021-2022,P,"Women's Health and Genetics/Laboratory Corporation of America, LabCorp",791,0.03413160733549083,0.9987357774968394,0.0,0.0,0.7231352718078382,0.874,0.27686472819216185
2021-2022,P,Ambry Genetics,753,0.03249190938511327,0.99734395750332,0.0,0.0,0.897742363877822,0.901,0.14475431606905712
2021-2022,P,"Fulgent Genetics, Fulgent Genetics",698,0.03011866235167206,0.0,0.0,0.0,0.0,0.871,0.22206303724928367
2021-2022,P,"Natera, Inc.",581,0.025070118662351672,0.9741824440619621,0.0,0.0,0.8605851979345955,0.888,0.22203098106712565
2023-2026,B,Ambry Genetics,59178,0.5983256829717105,0.9997465274257326,0.0,0.0,0.9997465274257326,0.057,0.7360505593294806
2023-2026,B,"Labcorp Genetics (formerly Invitae), Labcorp",25620,0.2590338301013083,0.0,0.0,0.0,0.0,0.238,0.05265417642466823
2023-2026,B,CeGaT Center for Human Genetics Tuebingen,6798,0.06873192728449234,0.08546631362165343,0.6621065019123271,0.016475433951162105,0.0,0.11,0.6216534274786703
2023-2026,B,"PreventionGenetics, part of Exact Sciences",1922,0.01943259256263523,0.9994797086368367,0.0,0.0,0.0,0.147,0.3938605619146722
2023-2026,B,Blueprint Genetics,1421,0.014367176915455079,0.0,0.0,0.0,0.0,0.131,0.22308233638282898
2023-2026,B,"Laboratory of Genetics, Children's Clinical University Hospital Latvia",483,0.004883424665844337,0.0,0.0,0.0,0.0,0.157,0.3581780538302277
2023-2026,B,"Women's Health and Genetics/Laboratory Corporation of America, LabCorp",307,0.0031039572927830466,0.8338762214983714,0.0,0.0,0.28338762214983715,0.165,0.2964169381107492
2023-2026,B,"Centre for Medical Genetics, Mumbai",297,0.003002851192040928,0.9562289562289562,0.27946127946127947,0.15824915824915825,0.4377104377104377,0.245,0.27946127946127947
2023-2026,P,"Labcorp Genetics (formerly Invitae), Labcorp",9509,0.28270305624925673,0.999894836470712,0.0,0.0,0.009569881165211904,0.889,0.1786728362603849
2023-2026,P,GeneDx,2402,0.07141158282792247,0.9991673605328892,0.0,0.0,0.9641965029142381,0.834,0.2760199833472107
2023-2026,P,OMIM,1653,0.04914377452729219,0.0,0.0,0.0,0.0,0.836,0.42528735632183906
2023-2026,P,"Natera, Inc.",1305,0.03879771673207278,0.9992337164750957,0.0,0.0,0.8888888888888888,0.888,0.26436781609195403
2023-2026,P,"Women's Health and Genetics/Laboratory Corporation of America, LabCorp",1235,0.03671661315257462,0.9983805668016195,0.0,0.0008097165991902834,0.6267206477732794,0.874,0.33522267206477735
2023-2026,P,"Fulgent Genetics, Fulgent Genetics",1146,0.03407063860149839,0.0,0.0,0.0,0.0,0.876,0.24345549738219896
2023-2026,P,Blueprint Genetics,876,0.026043524794862646,0.0,0.0,0.0,0.0,0.8634999999999999,0.23401826484018265
2023-2026,P,Ambry Genetics,824,0.024497562135806873,0.9987864077669902,0.0,0.0,0.9490291262135923,0.888,0.2354368932038835
