check,tool,points,slice,n_P,n_B,lr,lr_lo5,lr_hi95,target,cohort,N_P,N_B,n_genes,frac_inf_boot,verdict
boundary_slice,revel,1,"[0.644, 0.662)",642,410,3.960787007974575,3.432958601155573,4.650518723167913,2.406,,,,,,
boundary_slice,revel,2,"[0.773, 0.791)",1082,240,11.403714515042063,9.558861965984027,14.088195385206584,5.788836000000001,,,,,,
boundary_slice,revel,3,"[0.879, 0.897)",2134,131,41.205333817950525,33.81948499699895,52.01531722296225,13.927939416000003,,,,,,
boundary_slice,revel,4,"[0.932, 0.9500000000000001)",3768,77,123.78000228344382,101.60762229926307,159.71129271792347,33.510622234896005,,,,,,
boundary_slice,am,1,"[0.792, 0.796)",116,60,5.071723821539168,3.841525763131175,6.865376146538446,2.406,,,,,,
boundary_slice,am,2,"[0.906, 0.91)",251,61,10.794256748499132,8.67838904621262,14.297042993791344,5.788836000000001,,,,,,
boundary_slice,am,3,"[0.972, 0.976)",801,95,22.118606793391322,18.331604136573326,27.607242146470327,13.927939416000003,,,,,,
boundary_slice,am,4,"[0.99, 0.994)",2282,122,49.06871294835661,40.70816430188697,60.04893044890556,33.510622234896005,,,,,,
boundary_slice,bayesdel,1,"[0.13, 0.17)",1558,907,4.395546794997233,3.876443123838708,5.032812807755641,2.406,,,,,,
boundary_slice,bayesdel,2,"[0.27, 0.31)",2063,486,10.86214761134344,9.552421696444398,12.558618505843992,5.788836000000001,,,,,,
boundary_slice,bayesdel,3,"[0.41, 0.44999999999999996)",2818,237,30.42603667351873,25.323548381256348,36.6903374214244,13.927939416000003,,,,,,
boundary_slice,bayesdel,4,"[0.5, 0.54)",3279,102,82.2610003542872,67.3038770058561,101.5660907794499,33.510622234896005,,,,,,
boundary_slice,varity_r,1,"[0.675, 0.6900000000000001)",438,285,3.88884539623532,3.327703964300769,4.581486029413838,2.406,,,,,,
boundary_slice,varity_r,2,"[0.842, 0.857)",1033,221,11.827677523075469,10.11754320357342,14.020082008840733,5.788836000000001,,,,,,
boundary_slice,varity_r,3,"[0.915, 0.93)",2238,170,33.312144226172094,28.778181379385035,39.44946987675608,13.927939416000003,,,,,,
boundary_slice,varity_r,4,"[0.965, 0.98)",4329,132,82.98604781178686,65.64731604300319,109.42545770952522,33.510622234896005,,,,,,
cohort_2021_2022,revel,-4,,2,398,0.0058190003173250885,0.0,0.01365365038249142,0.02984128414537938,N_2021-22,13413.0,15532.0,3489.0,0.0,insufficient
cohort_2021_2022,revel,-3,,20,1958,0.011828202892213407,0.006828984808662043,0.017627102178374106,0.0717981296537828,N_2021-22,13413.0,15532.0,3489.0,0.0,meets
cohort_2021_2022,revel,-2,,216,5168,0.048398589326606345,0.04145110025010363,0.05563349392319134,0.1727462999470014,N_2021-22,13413.0,15532.0,3489.0,0.0,meets
cohort_2021_2022,revel,-1,,315,2820,0.1293489485430933,0.11279568220925144,0.1492609033402271,0.4156275976724854,N_2021-22,13413.0,15532.0,3489.0,0.0,meets
cohort_2021_2022,revel,1,,1805,638,3.276106299344177,2.896793940424261,3.7431424422455706,2.406,N_2021-22,13413.0,15532.0,3489.0,0.0,meets
cohort_2021_2022,revel,2,,2483,290,9.914713723433518,8.349995230966481,11.938134629746981,5.788836000000001,N_2021-22,13413.0,15532.0,3489.0,0.0,meets
cohort_2021_2022,revel,3,,2217,114,22.51968435963539,18.860948211267633,27.570236642647924,13.927939416000003,N_2021-22,13413.0,15532.0,3489.0,0.0,meets
cohort_2021_2022,revel,4,,4097,57,83.23242834589642,63.06737940901487,117.84715065444547,33.510622234896005,N_2021-22,13413.0,15532.0,3489.0,0.0,meets
N_new_no_reentrants,revel,-4,,7,9239,0.0019544049874711724,0.0008237469512054934,0.003256553798083506,0.02984128414537938,N_new_clean,42874.0,110595.0,14498.0,0.0,insufficient
N_new_no_reentrants,revel,-3,,72,25622,0.007248713900474614,0.005547277524824848,0.009132338974507027,0.0717981296537828,N_new_clean,42874.0,110595.0,14498.0,0.0,meets
N_new_no_reentrants,revel,-2,,608,38919,0.04029799102524902,0.03607863054586645,0.04497391717981999,0.1727462999470014,N_new_clean,42874.0,110595.0,14498.0,0.0,meets
N_new_no_reentrants,revel,-1,,998,15397,0.1671998643881245,0.14930362063258015,0.18775646138073973,0.4156275976724854,N_new_clean,42874.0,110595.0,14498.0,0.0,meets
N_new_no_reentrants,revel,1,,5595,2318,6.2262728500790265,5.52809529547518,7.046757190520252,2.406,N_new_clean,42874.0,110595.0,14498.0,0.0,meets
N_new_no_reentrants,revel,2,,8133,1115,18.815570643857658,16.30820532291263,21.87874567488821,5.788836000000001,N_new_clean,42874.0,110595.0,14498.0,0.0,meets
N_new_no_reentrants,revel,3,,7353,372,50.98742921870086,43.82901642524557,60.09035522954497,13.927939416000003,N_new_clean,42874.0,110595.0,14498.0,0.0,meets
N_new_no_reentrants,revel,4,,13302,204,168.20088069280987,138.24118548130522,205.9383433925475,33.510622234896005,N_new_clean,42874.0,110595.0,14498.0,0.0,meets
cohort_2021_2022,am,-3,,26,2543,0.01212681155083337,0.00811754285021526,0.016340027829807133,0.0717981296537828,N_2021-22,13305.0,15781.0,3513.0,0.0,meets
cohort_2021_2022,am,-2,,165,4353,0.04495882143766392,0.03807196573521325,0.05233814629349649,0.1727462999470014,N_2021-22,13305.0,15781.0,3513.0,0.0,meets
cohort_2021_2022,am,-1,,410,3683,0.13203886387816574,0.11608019485223738,0.14974386202906365,0.4156275976724854,N_2021-22,13305.0,15781.0,3513.0,0.0,meets
cohort_2021_2022,am,1,,1432,349,4.866729766369581,4.320107481089307,5.490334249662052,2.406,N_2021-22,13305.0,15781.0,3513.0,0.0,meets
cohort_2021_2022,am,2,,2045,276,8.788279713957378,7.64166953215017,10.158454615602533,5.788836000000001,N_2021-22,13305.0,15781.0,3513.0,0.0,meets
cohort_2021_2022,am,3,,1584,110,17.07977452085682,14.37436635976924,20.71554098301976,13.927939416000003,N_2021-22,13305.0,15781.0,3513.0,0.0,meets
cohort_2021_2022,am,4,,4407,109,47.95525376746687,39.55159841107527,60.56899361606854,33.510622234896005,N_2021-22,13305.0,15781.0,3513.0,0.0,meets
N_new_no_reentrants,am,-3,,112,37722,0.007944778405335182,0.006680665710944117,0.009310649912974674,0.0717981296537828,N_new_clean,42453.0,113597.0,14946.0,0.0,meets
N_new_no_reentrants,am,-2,,455,32047,0.037991154623274986,0.034005108372545265,0.04207578687569995,0.1727462999470014,N_new_clean,42453.0,113597.0,14946.0,0.0,meets
N_new_no_reentrants,am,-1,,1221,19955,0.16372779323047915,0.1483070131598088,0.18113274819710398,0.4156275976724854,N_new_clean,42453.0,113597.0,14946.0,0.0,meets
N_new_no_reentrants,am,1,,4815,1552,8.301623842473703,7.483104814172835,9.2156282052233,2.406,N_new_clean,42453.0,113597.0,14946.0,0.0,meets
N_new_no_reentrants,am,2,,6796,1148,15.84053912951983,14.321630464385645,17.517575399234115,5.788836000000001,N_new_clean,42453.0,113597.0,14946.0,0.0,meets
N_new_no_reentrants,am,3,,5051,464,29.12848280695,25.97906448860402,32.80637817895229,13.927939416000003,N_new_clean,42453.0,113597.0,14946.0,0.0,meets
N_new_no_reentrants,am,4,,13403,425,84.38622593012896,73.63812050018298,97.60797191394845,33.510622234896005,N_new_clean,42453.0,113597.0,14946.0,0.0,meets
cohort_2021_2022,bayesdel,-3,,62,3971,0.018143175319154915,0.013999398212693305,0.02272482716277414,0.0717981296537828,N_2021-22,13620.0,15827.0,3542.0,0.0,meets
cohort_2021_2022,bayesdel,-2,,162,3321,0.0566849324880914,0.04794247651333602,0.06654165191532599,0.1727462999470014,N_2021-22,13620.0,15827.0,3542.0,0.0,meets
cohort_2021_2022,bayesdel,-1,,432,3620,0.13867451992114294,0.12339603140561128,0.15517653619257957,0.4156275976724854,N_2021-22,13620.0,15827.0,3542.0,0.0,meets
cohort_2021_2022,bayesdel,1,,1775,660,3.1251863347127666,2.75805530438101,3.5417671066472467,2.406,N_2021-22,13620.0,15827.0,3542.0,0.0,meets
cohort_2021_2022,bayesdel,2,,2501,390,7.451961105463308,6.489110831448984,8.551851368556962,5.788836000000001,N_2021-22,13620.0,15827.0,3542.0,0.0,meets
cohort_2021_2022,bayesdel,3,,1844,124,17.28067595092606,13.703340321120312,21.97685901690213,13.927939416000003,N_2021-22,13620.0,15827.0,3542.0,0.0,inconclusive
cohort_2021_2022,bayesdel,4,,4775,83,66.85236540877166,52.774091693675665,87.46485217303575,33.510622234896005,N_2021-22,13620.0,15827.0,3542.0,0.0,meets
N_new_no_reentrants,bayesdel,-3,,177,56273,0.008207808412640755,0.006860948523282593,0.00963051884161046,0.0717981296537828,N_new_clean,43501.0,113515.0,14917.0,0.0,meets
N_new_no_reentrants,bayesdel,-2,,446,21186,0.054933833090614094,0.04824652010993593,0.062408965513146765,0.1727462999470014,N_new_clean,43501.0,113515.0,14917.0,0.0,meets
N_new_no_reentrants,bayesdel,-1,,1323,16441,0.209983721181543,0.18904926493016627,0.2333603833397096,0.4156275976724854,N_new_clean,43501.0,113515.0,14917.0,0.0,meets
N_new_no_reentrants,bayesdel,1,,5593,2614,5.583329377419619,4.992974333893349,6.225643100516042,2.406,N_new_clean,43501.0,113515.0,14917.0,0.0,meets
N_new_no_reentrants,bayesdel,2,,8041,1421,14.766242522578004,12.991370220116849,16.87437374760439,5.788836000000001,N_new_clean,43501.0,113515.0,14917.0,0.0,meets
N_new_no_reentrants,bayesdel,3,,6018,424,37.03738701734464,31.499223667684515,43.721509512126126,13.927939416000003,N_new_clean,43501.0,113515.0,14917.0,0.0,meets
N_new_no_reentrants,bayesdel,4,,15468,295,136.82522162942678,115.63875953265189,162.73935918148322,33.510622234896005,N_new_clean,43501.0,113515.0,14917.0,0.0,meets
cohort_2021_2022,esm1b,-3,,0,0,,,,0.0717981296537828,N_2021-22,12796.0,15017.0,3452.0,0.0,insufficient
cohort_2021_2022,esm1b,-2,,178,2452,0.08519389725684055,0.071873456929703,0.09894369612471512,0.1727462999470014,N_2021-22,12796.0,15017.0,3452.0,0.0,meets
cohort_2021_2022,esm1b,-1,,792,7431,0.12507971114812702,0.11378514298287044,0.13765551652548502,0.4156275976724854,N_2021-22,12796.0,15017.0,3452.0,0.0,meets
cohort_2021_2022,esm1b,1,,2060,625,3.868086276961551,3.5266558982377574,4.257490055563648,2.406,N_2021-22,12796.0,15017.0,3452.0,0.0,meets
cohort_2021_2022,esm1b,2,,2861,400,8.393958463582369,7.505841985720271,9.40357453366103,5.788836000000001,N_2021-22,12796.0,15017.0,3452.0,0.0,meets
cohort_2021_2022,esm1b,3,,3775,168,26.370394301046456,21.916020909366672,32.02145694046441,13.927939416000003,N_2021-22,12796.0,15017.0,3452.0,0.0,meets
cohort_2021_2022,esm1b,4,,0,0,,,,33.510622234896005,N_2021-22,12796.0,15017.0,3452.0,0.0,insufficient
N_new_no_reentrants,esm1b,-3,,0,6,0.0,0.0,0.0,0.0717981296537828,N_new_clean,41076.0,107562.0,14487.0,0.0,insufficient
N_new_no_reentrants,esm1b,-2,,507,29671,0.04474520472262995,0.039516666699376646,0.050444833291781156,0.1727462999470014,N_new_clean,41076.0,107562.0,14487.0,0.0,meets
N_new_no_reentrants,esm1b,-1,,2645,54672,0.12668682106728477,0.11656108322216804,0.13723666061569362,0.4156275976724854,N_new_clean,41076.0,107562.0,14487.0,0.0,meets
N_new_no_reentrants,esm1b,1,,6732,2657,6.634730345354672,6.118560455661756,7.2237488118638655,2.406,N_new_clean,41076.0,107562.0,14487.0,0.0,meets
N_new_no_reentrants,esm1b,2,,9358,1663,14.735385947243444,13.471286095205885,16.266833590167167,5.788836000000001,N_new_clean,41076.0,107562.0,14487.0,0.0,meets
N_new_no_reentrants,esm1b,3,,11885,745,41.77472859279999,36.876034808722885,47.5362582606099,13.927939416000003,N_new_clean,41076.0,107562.0,14487.0,0.0,meets
N_new_no_reentrants,esm1b,4,,0,0,,,,33.510622234896005,N_new_clean,41076.0,107562.0,14487.0,0.0,insufficient
cohort_2021_2022,varity_r,-4,,20,1996,0.011459168435677774,0.007328251345721098,0.01619731093991882,0.02984128414537938,N_2021-22,12651.0,14468.0,3393.0,0.0,meets
cohort_2021_2022,varity_r,-3,,42,2036,0.02359147859282267,0.01659751793163501,0.03166869679173951,0.0717981296537828,N_2021-22,12651.0,14468.0,3393.0,0.0,meets
cohort_2021_2022,varity_r,-2,,107,2635,0.04643942165359721,0.03796259174913888,0.055443236269286066,0.1727462999470014,N_2021-22,12651.0,14468.0,3393.0,0.0,meets
cohort_2021_2022,varity_r,-1,,365,3314,0.12595749203573756,0.11233298723182382,0.141055161523107,0.4156275976724854,N_2021-22,12651.0,14468.0,3393.0,0.0,meets
cohort_2021_2022,varity_r,1,,2112,670,3.604979135623754,3.238975841510956,4.0054868263807,2.406,N_2021-22,12651.0,14468.0,3393.0,0.0,meets
cohort_2021_2022,varity_r,2,,2119,268,9.04231864155627,7.777413216601592,10.544333633163447,5.788836000000001,N_2021-22,12651.0,14468.0,3393.0,0.0,meets
cohort_2021_2022,varity_r,3,,2829,173,18.70124365868402,16.072381048676576,22.090373453708136,13.927939416000003,N_2021-22,12651.0,14468.0,3393.0,0.0,meets
cohort_2021_2022,varity_r,4,,3042,59,58.96453017045614,42.82077850533303,84.9842652291773,33.510622234896005,N_2021-22,12651.0,14468.0,3393.0,0.0,meets
N_new_no_reentrants,varity_r,-4,,56,33286,0.004343237661894682,0.0032304257663931207,0.005549739709403821,0.02984128414537938,N_new_clean,40618.0,104859.0,14228.0,0.0,meets
N_new_no_reentrants,varity_r,-3,,114,19925,0.014770449009478586,0.01212405672739763,0.017566949974689126,0.0717981296537828,N_new_clean,40618.0,104859.0,14228.0,0.0,meets
N_new_no_reentrants,varity_r,-2,,352,16287,0.05579416000323099,0.049400882673418856,0.06247705349215272,0.1727462999470014,N_new_clean,40618.0,104859.0,14228.0,0.0,meets
N_new_no_reentrants,varity_r,-1,,1178,16355,0.1859438926307895,0.16907392025422432,0.20343377682209493,0.4156275976724854,N_new_clean,40618.0,104859.0,14228.0,0.0,meets
N_new_no_reentrants,varity_r,1,,6642,2782,6.163521596368458,5.604379247071738,6.817604614613058,2.406,N_new_clean,40618.0,104859.0,14228.0,0.0,meets
N_new_no_reentrants,varity_r,2,,6620,1037,16.48034919320035,14.729094026881034,18.547822391767575,5.788836000000001,N_new_clean,40618.0,104859.0,14228.0,0.0,meets
N_new_no_reentrants,varity_r,3,,9089,582,40.31626537521072,35.716080246889554,45.93668505353652,13.927939416000003,N_new_clean,40618.0,104859.0,14228.0,0.0,meets
N_new_no_reentrants,varity_r,4,,10273,187,141.82175587704722,109.5240891929251,184.466851510347,33.510622234896005,N_new_clean,40618.0,104859.0,14228.0,0.0,meets
cohort_2021_2022,cadd,-4,,11,758,0.016888304356541855,0.007721776616107985,0.02776236739032445,0.02984128414537938,N_2021-22,13636.0,15869.0,3548.0,0.0,meets
cohort_2021_2022,cadd,-2,,217,5107,0.04944887819552742,0.0414764588415789,0.05796737273029725,0.1727462999470014,N_2021-22,13636.0,15869.0,3548.0,0.0,meets
cohort_2021_2022,cadd,-1,,946,4375,0.25163766500440005,0.2282112001654242,0.2765126660821133,0.4156275976724854,N_2021-22,13636.0,15869.0,3548.0,0.0,meets
cohort_2021_2022,cadd,1,,4165,1558,3.1110724142203057,2.8834862093151257,3.36534969630186,2.406,N_2021-22,13636.0,15869.0,3548.0,0.0,meets
cohort_2021_2022,cadd,2,,5854,975,6.987320591796977,6.371088373658419,7.719944284687549,5.788836000000001,N_2021-22,13636.0,15869.0,3548.0,0.0,meets
N_new_no_reentrants,cadd,-4,,29,17018,0.0044584451802578435,0.0029449468439585558,0.0061493644898501475,0.02984128414537938,N_new_clean,43541.0,113918.0,14988.0,0.0,meets
N_new_no_reentrants,cadd,-2,,731,53225,0.035933180529467326,0.032544999602730246,0.03984079312179663,0.1727462999470014,N_new_clean,43541.0,113918.0,14988.0,0.0,meets
N_new_no_reentrants,cadd,-1,,2935,19901,0.3858576885372908,0.3514844596817138,0.4226002075544791,0.4156275976724854,N_new_clean,43541.0,113918.0,14988.0,0.0,inconclusive
N_new_no_reentrants,cadd,1,,13175,6392,5.392719236992084,5.057049443696108,5.764472155296541,2.406,N_new_clean,43541.0,113918.0,14988.0,0.0,meets
N_new_no_reentrants,cadd,2,,18452,3654,13.212008833705069,12.22492713027832,14.41695670309679,5.788836000000001,N_new_clean,43541.0,113918.0,14988.0,0.0,meets
