subset,tool,cohort,points,n_P,n_B,N_P,N_B,n_genes,lr,lr_lo5,lr_hi95,target,frac_inf_boot,verdict
N_new_without_bulk,revel,N_new_wo,-4,6,1297,43307,54868,6655,0.005861007866965618,0.0020241944352232446,0.009888276754313701,0.02984128414537938,0.0,insufficient
N_new_without_bulk,revel,N_new_wo,-3,71,6418,43307,54868,6655,0.014015857262004335,0.010647787198055475,0.017609141317007533,0.0717981296537828,0.0,meets
N_new_without_bulk,revel,N_new_wo,-2,615,17817,43307,54868,6655,0.043732224187802475,0.038954150675881316,0.04884755978648149,0.1727462999470014,0.0,meets
N_new_without_bulk,revel,N_new_wo,-1,1016,10265,43307,54868,6655,0.12539949405276307,0.11234057955034092,0.14000151071161937,0.4156275976724854,0.0,meets
N_new_without_bulk,revel,N_new_wo,1,5673,2160,43307,54868,6655,3.327515310586177,2.977940602405665,3.7267049176041933,2.406,0.0,meets
N_new_without_bulk,revel,N_new_wo,2,8237,1036,43307,54868,6655,10.073266887846518,8.867754971445242,11.538905833597784,5.788836000000001,0.0,meets
N_new_without_bulk,revel,N_new_wo,3,7412,355,43307,54868,6655,26.452583113616935,22.90225906820175,30.824315042367886,13.927939416000003,0.0,meets
N_new_without_bulk,revel,N_new_wo,4,13374,193,43307,54868,6655,87.794041121761,72.28271423955843,107.9509868232138,33.510622234896005,0.0,meets
2024_2026_without_bulk,revel,2024-26_wo,-4,4,456,22199,22418,4490,0.008858467624983896,0.002178924277812936,0.016775050243431698,0.02984128414537938,0.0,insufficient
2024_2026_without_bulk,revel,2024-26_wo,-3,37,2540,22199,22418,4490,0.014710636394559875,0.010261981608999314,0.019707878468078345,0.0717981296537828,0.0,meets
2024_2026_without_bulk,revel,2024-26_wo,-2,276,7370,22199,22418,4490,0.03781856517672908,0.03265636411122942,0.04319358285858946,0.1727462999470014,0.0,meets
2024_2026_without_bulk,revel,2024-26_wo,-1,509,4212,22199,22418,4490,0.12203737948891634,0.1070150852038771,0.13824847972126375,0.4156275976724854,0.0,meets
2024_2026_without_bulk,revel,2024-26_wo,1,2874,857,22199,22418,4490,3.3866428223794913,2.9536474585453094,3.9264953005981895,2.406,0.0,meets
2024_2026_without_bulk,revel,2024-26_wo,2,4336,465,22199,22418,4490,9.416722539569978,7.9586676776961305,11.140385472616162,5.788836000000001,0.0,meets
2024_2026_without_bulk,revel,2024-26_wo,3,3839,137,22199,22418,4490,28.298342497837247,23.319683301278726,35.08218048825185,13.927939416000003,0.0,meets
2024_2026_without_bulk,revel,2024-26_wo,4,7028,74,22199,22418,4490,95.9099107215689,74.52424888908811,125.50873913708557,33.510622234896005,0.0,meets
N_new_without_bulk,am,N_new_wo,-3,117,7937,42905,55865,6843,0.01919381825736197,0.01602073203679676,0.022716739997639165,0.0717981296537828,0.0,meets
N_new_without_bulk,am,N_new_wo,-2,462,14502,42905,55865,6843,0.04148068996378399,0.0375638095171366,0.04607501784574222,0.1727462999470014,0.0,meets
N_new_without_bulk,am,N_new_wo,-1,1263,13487,42905,55865,6843,0.12193261554650939,0.10966014338519738,0.13400969798843773,0.4156275976724854,0.0,meets
N_new_without_bulk,am,N_new_wo,1,4887,1388,42905,55865,6843,4.584423918267253,4.2021446058166,4.998657129390741,2.406,0.0,meets
N_new_without_bulk,am,N_new_wo,2,6908,1064,42905,55865,6843,8.453617583172475,7.678711013039905,9.305921401346298,5.788836000000001,0.0,meets
N_new_without_bulk,am,N_new_wo,3,5083,427,42905,55865,6843,15.499729946368632,13.679391594172413,17.585026613761798,13.927939416000003,0.0,inconclusive
N_new_without_bulk,am,N_new_wo,4,13309,400,42905,55865,6843,43.32288107446684,37.98369679279317,49.95805731747363,33.510622234896005,0.0,meets
2024_2026_without_bulk,am,2024-26_wo,-3,59,3019,21973,22839,4567,0.020313119686304764,0.015745120944786434,0.02543845202018648,0.0717981296537828,0.0,meets
2024_2026_without_bulk,am,2024-26_wo,-2,218,5606,21973,22839,4567,0.04041951787910045,0.03542666219303107,0.04559041784780743,0.1727462999470014,0.0,meets
2024_2026_without_bulk,am,2024-26_wo,-1,640,5505,21973,22839,4567,0.12083990619649505,0.10773066943480515,0.13434943756333323,0.4156275976724854,0.0,meets
2024_2026_without_bulk,am,2024-26_wo,1,2615,624,21973,22839,4567,4.3558692223673106,3.9038599001966614,4.868977026181268,2.406,0.0,meets
2024_2026_without_bulk,am,2024-26_wo,2,3604,484,21973,22839,4567,7.7397538602033364,6.848735013813602,8.829783867895346,5.788836000000001,0.0,meets
2024_2026_without_bulk,am,2024-26_wo,3,2635,204,21973,22839,4567,13.425738406225822,11.427481950953755,15.979387188260235,13.927939416000003,0.0,inconclusive
2024_2026_without_bulk,am,2024-26_wo,4,6472,176,21973,22839,4567,38.222014207519145,32.03349271600689,46.14477034301485,33.510622234896005,0.0,inconclusive
N_new_without_bulk,bayesdel,N_new_wo,-3,176,12966,43940,55903,6841,0.017269577497282727,0.014489691567572675,0.02039922163525618,0.0717981296537828,0.0,meets
N_new_without_bulk,bayesdel,N_new_wo,-2,453,11862,43940,55903,6841,0.048586469708889364,0.04277137604279622,0.05531218581235342,0.1727462999470014,0.0,meets
N_new_without_bulk,bayesdel,N_new_wo,-1,1354,13143,43940,55903,6841,0.13106876838928505,0.11870789920093783,0.14459681325580995,0.4156275976724854,0.0,meets
N_new_without_bulk,bayesdel,N_new_wo,1,5664,2407,43940,55903,6841,2.9937960874622433,2.70579031419779,3.3364778515444122,2.406,0.0,meets
N_new_without_bulk,bayesdel,N_new_wo,2,8136,1347,43940,55903,6841,7.684549390594382,6.767741961151288,8.759583988952558,5.788836000000001,0.0,meets
N_new_without_bulk,bayesdel,N_new_wo,3,6061,399,43940,55903,6841,19.32619914602163,16.58476225158718,22.64657230880271,13.927939416000003,0.0,meets
N_new_without_bulk,bayesdel,N_new_wo,4,15539,283,43940,55903,6841,69.85728346235068,58.572155711452915,84.4398648588005,33.510622234896005,0.0,meets
2024_2026_without_bulk,bayesdel,2024-26_wo,-3,88,5083,22516,22829,4595,0.017553277172921333,0.01399669925144508,0.021828174857832616,0.0717981296537828,0.0,meets
2024_2026_without_bulk,bayesdel,2024-26_wo,-2,209,4966,22516,22829,4595,0.04267123564058658,0.03625324747084267,0.050442892027642225,0.1727462999470014,0.0,meets
2024_2026_without_bulk,bayesdel,2024-26_wo,-1,659,5502,22516,22829,4595,0.1214396415483276,0.10873408430083267,0.13600854831354603,0.4156275976724854,0.0,meets
2024_2026_without_bulk,bayesdel,2024-26_wo,1,2867,1012,22516,22829,4595,2.872386180191934,2.5510403908348516,3.2379912652239353,2.406,0.0,meets
2024_2026_without_bulk,bayesdel,2024-26_wo,2,4169,570,22516,22829,4595,7.415709140946165,6.32685962498945,8.807717553722048,5.788836000000001,0.0,meets
2024_2026_without_bulk,bayesdel,2024-26_wo,3,3119,155,22516,22829,4595,20.402309182287578,16.848826113565938,25.200524973928573,13.927939416000003,0.0,meets
2024_2026_without_bulk,bayesdel,2024-26_wo,4,8166,114,22516,22829,4595,72.62734570036746,58.70091630282043,91.68879927016734,33.510622234896005,0.0,meets
N_new_without_bulk,esm1b,N_new_wo,-3,0,1,41526,52679,6628,0.0,0.0,0.0,0.0717981296537828,0.0,insufficient
N_new_without_bulk,esm1b,N_new_wo,-2,520,8410,41526,52679,6628,0.07843768553122857,0.06968020185906618,0.08800074320745177,0.1727462999470014,0.0,meets
N_new_without_bulk,esm1b,N_new_wo,-1,2688,25847,41526,52679,6628,0.13192786799641945,0.12123702793233679,0.14315089041067372,0.4156275976724854,0.0,meets
N_new_without_bulk,esm1b,N_new_wo,1,6856,2366,41526,52679,6628,3.675982973972371,3.413051943976516,3.98272781129743,2.406,0.0,meets
N_new_without_bulk,esm1b,N_new_wo,2,9482,1514,41526,52679,6628,7.944956036837961,7.2915163263219105,8.72440316057808,5.788836000000001,0.0,meets
N_new_without_bulk,esm1b,N_new_wo,3,11857,682,41526,52679,6628,22.055040914902907,19.492269385513904,25.266643122205107,13.927939416000003,0.0,meets
N_new_without_bulk,esm1b,N_new_wo,4,0,0,41526,52679,6628,,,,33.510622234896005,0.0,insufficient
2024_2026_without_bulk,esm1b,2024-26_wo,-3,0,1,21298,21264,4462,0.0,0.0,0.0,0.0717981296537828,0.0,insufficient
2024_2026_without_bulk,esm1b,2024-26_wo,-2,251,3495,21298,21264,4462,0.07170223321861811,0.06179879651527779,0.08238911240876401,0.1727462999470014,0.0,meets
2024_2026_without_bulk,esm1b,2024-26_wo,-1,1379,10297,21298,21264,4462,0.13370870861764864,0.12182760177816071,0.14728411703870975,0.4156275976724854,0.0,meets
2024_2026_without_bulk,esm1b,2024-26_wo,1,3619,987,21298,21264,4462,3.6608132218987692,3.337769722427399,4.058637040875936,2.406,0.0,meets
2024_2026_without_bulk,esm1b,2024-26_wo,2,4946,643,21298,21264,4462,7.679788857137558,6.851531236230907,8.629217728585903,5.788836000000001,0.0,meets
2024_2026_without_bulk,esm1b,2024-26_wo,3,5936,305,21298,21264,4462,19.431225590334815,16.69278815146681,22.726731913870772,13.927939416000003,0.0,meets
2024_2026_without_bulk,esm1b,2024-26_wo,4,0,0,21298,21264,4462,,,,33.510622234896005,0.0,insufficient
N_new_without_bulk,varity_r,N_new_wo,-4,56,6344,41057,51160,6497,0.010999379234743346,0.008364422705409765,0.013991040623670039,0.02984128414537938,0.0,meets
N_new_without_bulk,varity_r,N_new_wo,-3,117,6582,41057,51160,6497,0.02214987638969315,0.018239687250858762,0.026300452214957838,0.0717981296537828,0.0,meets
N_new_without_bulk,varity_r,N_new_wo,-2,362,9340,41057,51160,6497,0.0482953166014199,0.043080759074365,0.05412936469909707,0.1727462999470014,0.0,meets
N_new_without_bulk,varity_r,N_new_wo,-1,1211,12214,41057,51160,6497,0.12354624511504869,0.11291029516025258,0.135514547794953,0.4156275976724854,0.0,meets
N_new_without_bulk,varity_r,N_new_wo,1,6769,2537,41057,51160,6497,3.3246610082607306,3.039145501593439,3.663559100693336,2.406,0.0,meets
N_new_without_bulk,varity_r,N_new_wo,2,6704,950,41057,51160,6497,8.79333711925526,7.93810423139093,9.78664293444967,5.788836000000001,0.0,meets
N_new_without_bulk,varity_r,N_new_wo,3,9155,546,41057,51160,6497,20.893395682104064,18.543758874790672,23.74994648842525,13.927939416000003,0.0,meets
N_new_without_bulk,varity_r,N_new_wo,4,10265,171,41057,51160,6497,74.80078686783615,59.93292752950986,94.26901272434844,33.510622234896005,0.0,meets
2024_2026_without_bulk,varity_r,2024-26_wo,-4,25,2345,21038,20565,4372,0.01042128863782077,0.00683703752064826,0.014558174870773124,0.02984128414537938,0.0,meets
2024_2026_without_bulk,varity_r,2024-26_wo,-3,56,2449,21038,20565,4372,0.022352366254285397,0.0172560783187889,0.027868424648668382,0.0717981296537828,0.0,meets
2024_2026_without_bulk,varity_r,2024-26_wo,-2,189,3742,21038,20565,4372,0.04937217777365424,0.04247587511240454,0.05708164164647553,0.1727462999470014,0.0,meets
2024_2026_without_bulk,varity_r,2024-26_wo,-1,589,5041,21038,20565,4372,0.11421492539576461,0.10229581007710122,0.12696481818421979,0.4156275976724854,0.0,meets
2024_2026_without_bulk,varity_r,2024-26_wo,1,3385,1089,21038,20565,4372,3.0384707247570115,2.729206068630076,3.402780267912534,2.406,0.0,meets
2024_2026_without_bulk,varity_r,2024-26_wo,2,3405,375,21038,20565,4372,8.8758532179865,7.8059931099420075,10.133557859229798,5.788836000000001,0.0,meets
2024_2026_without_bulk,varity_r,2024-26_wo,3,4667,230,21038,20565,4372,19.83509240008763,17.09343468920279,23.457104666802284,13.927939416000003,0.0,meets
2024_2026_without_bulk,varity_r,2024-26_wo,4,5509,62,21038,20565,4372,86.85710419548037,67.40793931407966,116.76868304555407,33.510622234896005,0.0,meets
N_new_without_bulk,cadd,N_new_wo,-4,31,2125,43980,56084,6886,0.018603151164968034,0.012228406045107205,0.02584077272977918,0.02984128414537938,0.0,meets
N_new_without_bulk,cadd,N_new_wo,-2,751,16444,43980,56084,6886,0.05823931047581501,0.0523391989433118,0.06453162893680107,0.1727462999470014,0.0,meets
N_new_without_bulk,cadd,N_new_wo,-1,2996,16032,43980,56084,6886,0.23830758219804138,0.21916936187654837,0.2593817620125781,0.4156275976724854,0.0,meets
N_new_without_bulk,cadd,N_new_wo,1,13285,5829,43980,56084,6886,2.906372389202628,2.7146551445995164,3.1124066607925496,2.406,0.0,meets
N_new_without_bulk,cadd,N_new_wo,2,18639,3371,43980,56084,6886,7.050949617210919,6.442256852251235,7.722252868390577,5.788836000000001,0.0,meets
2024_2026_without_bulk,cadd,2024-26_wo,-4,18,756,22536,22913,4624,0.02420782832124685,0.015208710026779253,0.03494829746323633,0.02984128414537938,0.0,inconclusive
2024_2026_without_bulk,cadd,2024-26_wo,-2,418,6407,22536,22913,4624,0.06633254783952079,0.05852794666371988,0.07446676440449898,0.1727462999470014,0.0,meets
2024_2026_without_bulk,cadd,2024-26_wo,-1,1499,6798,22536,22913,4624,0.22419483016314493,0.20450058272784238,0.24594564518396658,0.4156275976724854,0.0,meets
2024_2026_without_bulk,cadd,2024-26_wo,1,6789,2384,22536,22913,4624,2.8953740569898003,2.654386593895035,3.1627928881779104,2.406,0.0,meets
2024_2026_without_bulk,cadd,2024-26_wo,2,9465,1371,22536,22913,4624,7.0192107896026705,6.255263628733174,7.8728859803983084,5.788836000000001,0.0,meets
