tool,cohort,stratum,n_P_ge3,n_B_ge3,N_P,N_B,lr_ge3,lo5,hi95,frac_P_in_ge3
revel,C2019,stars_1,5781,88,12577,8782,45.870837459431726,38.03111782172004,56.43118382505677,0.45964856484058203
revel,C2019,stars_2plus,2662,48,4944,5467,61.32498145900756,45.25034949085883,88.62051868615279,0.5384304207119741
revel,C2019,vcep_gene,3061,35,5344,1539,25.18647882805817,16.71065990146462,41.60603296127878,0.5727919161676647
revel,C2019,non_vcep_gene,5382,101,12177,12710,55.61956195619562,46.2745355675154,68.42048172764761,0.44198078344419806
revel,N_2020,stars_1,2418,155,5242,20870,62.10835558946967,53.260898314565196,73.22105866462033,0.4612743227775658
revel,N_2020,stars_2plus,356,18,774,2081,53.175136376686766,37.93062967392141,83.24203118251299,0.4599483204134367
revel,N_2020,vcep_gene,805,11,1413,674,34.907675480923885,20.430312768443113,76.1627011758938,0.5697098372257607
revel,N_2020,non_vcep_gene,1969,162,4603,22277,58.82289998739415,50.844029678915156,68.98295719651695,0.4277645014121225
revel,N_2021,stars_1,2066,55,4689,5677,45.47851645049341,35.83669618442445,60.50848062837615,0.4406056728513542
revel,N_2021,stars_2plus,253,6,514,770,63.16796368352789,36.689043787327236,188.27863836352208,0.49221789883268485
revel,N_2021,vcep_gene,563,15,1008,522,19.436904761904763,13.467304615408723,32.18378670169542,0.558531746031746
revel,N_2021,non_vcep_gene,1756,46,4195,5925,53.916670985127226,41.98855828817833,71.87341775877557,0.41859356376638857
revel,N_2022,stars_1,3516,104,7313,8431,38.97615942105208,30.235074335104482,51.25755768091343,0.4807876384520717
revel,N_2022,stars_2plus,479,6,897,654,58.206243032329986,33.97346284891817,169.41095150043233,0.5340022296544036
revel,N_2022,vcep_gene,1111,21,1950,652,17.689181929181927,10.436305099056982,60.30563310063868,0.5697435897435897
revel,N_2022,non_vcep_gene,2884,89,6260,8433,43.65289155329002,35.139247407288906,55.898695186322755,0.460702875399361
revel,N_2023,stars_1,3310,172,6983,32257,88.8958483892776,73.19661912297902,111.07619585847051,0.47400830588572246
revel,N_2023,stars_2plus,464,17,1018,1602,42.95203975499827,27.670360071026177,75.43365571894559,0.45579567779960706
revel,N_2023,vcep_gene,1055,31,1865,1428,26.057943440283665,14.400499656115452,52.305577270025445,0.5656836461126006
revel,N_2023,non_vcep_gene,2719,158,6136,32431,90.9551113577476,74.38663522002773,113.73033847684563,0.443122555410691
revel,N_2024,stars_1,3613,111,7395,21083,92.798127539304,74.78451123406245,117.11909644357428,0.4885733603786342
revel,N_2024,stars_2plus,990,8,2016,866,53.15848214285714,31.453181931885315,138.23987710290473,0.49107142857142855
revel,N_2024,vcep_gene,1229,12,2208,1045,48.471656099033815,31.276934946310053,108.40989225841624,0.5566123188405797
revel,N_2024,non_vcep_gene,3374,107,7203,20904,91.511838914471,72.74701682545951,119.0767105113365,0.4684159378036929
revel,N_2025,stars_1,3256,46,6742,28709,301.4087678794836,230.93204707950926,414.5337670584652,0.48294274695935924
revel,N_2025,stars_2plus,796,4,1649,860,103.78411158277744,52.94282233050679,405.56350647016535,0.48271679805942996
revel,N_2025,vcep_gene,963,5,1784,945,102.02186098654708,46.98897585184499,1000000000000.0,0.5397982062780269
revel,N_2025,non_vcep_gene,3089,45,6607,28624,297.39345811681216,224.97059104950063,409.99734658142745,0.46753443317693355
revel,N_2026,stars_1,2082,52,4117,10193,99.12850096223912,78.66493927654837,130.0034238461208,0.5057080398348311
revel,N_2026,stars_2plus,523,5,1072,559,54.54421641791045,29.80328094764604,148.51376483889203,0.4878731343283582
revel,N_2026,vcep_gene,702,8,1268,828,57.30047318611987,29.793538682072175,138.7941709478497,0.5536277602523659
revel,N_2026,non_vcep_gene,1903,49,3921,9924,98.29527036522337,76.6141312516104,133.71715482888266,0.4853353736291762
am,C2019,stars_1,5740,93,12458,8878,43.98410487193961,31.289464916668134,67.1778662418339,0.460748113661904
am,C2019,stars_2plus,1901,20,4887,5551,107.96450787804379,76.16994572642518,170.64831579186955,0.3889912011458973
am,C2019,vcep_gene,2555,12,5276,1475,59.52465567349002,35.05564943761753,123.92756268537894,0.4842683851402578
am,C2019,non_vcep_gene,5086,101,12069,12954,54.048990581384764,39.257996408393204,78.48939769108708,0.4214102245422156
am,N_2020,stars_1,2407,149,5254,21251,65.33999918247011,56.34327277057774,77.40653212954648,0.4581271412257328
am,N_2020,stars_2plus,286,11,778,2127,71.08226221079693,46.792699869860364,127.55246281808718,0.3676092544987147
am,N_2020,vcep_gene,673,12,1407,681,27.144811656005686,16.392685903517094,64.09560947888559,0.4783226723525231
am,N_2020,non_vcep_gene,2020,148,4625,22697,66.98018991964938,56.93722116949785,79.26483745282965,0.43675675675675674
am,N_2021,stars_1,2091,68,4647,5792,38.32666236281472,30.335102024776475,50.47455169104947,0.4499677211103938
am,N_2021,stars_2plus,216,6,533,781,52.75046904315197,29.747048960302454,144.25300102876588,0.4052532833020638
am,N_2021,vcep_gene,487,10,1026,523,24.824658869395712,14.113006413529336,70.56773268049642,0.4746588693957115
am,N_2021,non_vcep_gene,1820,64,4154,6050,41.41715816080885,32.710550518300444,54.22076888321158,0.43813192103996146
am,N_2022,stars_1,3306,143,7223,8561,27.401459401736297,22.962400052032347,33.12574337513643,0.45770455489408834
am,N_2022,stars_2plus,378,2,902,647,135.56873614190687,57.738115350739086,1000000000000.0,0.4190687361419069
am,N_2022,vcep_gene,903,19,1938,656,16.087339090760956,10.22268502439785,34.17181159258977,0.46594427244582043
am,N_2022,non_vcep_gene,2781,126,6187,8552,30.50830081507308,25.587815605458715,37.119314225726335,0.4494908679489252
am,N_2023,stars_1,3097,239,6907,33213,62.31060297206218,54.13397275123051,72.70498069372633,0.44838569567105835
am,N_2023,stars_2plus,397,12,1017,1618,52.634054408390696,34.47239928850388,99.50831299048545,0.39036381514257623
am,N_2023,vcep_gene,808,17,1875,1413,35.81816470588235,18.183780469514698,93.25931247951466,0.43093333333333333
am,N_2023,non_vcep_gene,2686,234,6049,33418,63.41427346188463,55.599888101082094,73.98355933090961,0.44404033724582576
am,N_2024,stars_1,3155,174,7304,21640,53.72131157860281,45.68515474324977,65.08871151987572,0.4319550930996714
am,N_2024,stars_2plus,688,4,2026,880,74.70878578479763,38.52851619129192,283.1314870993168,0.3395853899308983
am,N_2024,vcep_gene,976,12,2210,1043,38.38491704374057,22.632008452139868,107.02749374092885,0.4416289592760181
am,N_2024,non_vcep_gene,2867,166,7120,21477,52.09706156085014,43.98183958606501,62.33472902632043,0.4026685393258427
am,N_2025,stars_1,2876,132,6647,29618,97.08340513606048,79.86467878550005,119.25315993881338,0.4326763953663307
am,N_2025,stars_2plus,555,3,1635,871,98.55351681957187,47.92664924922124,344.06395009081086,0.3394495412844037
am,N_2025,vcep_gene,790,8,1793,949,52.2664528722811,24.715057096598684,281.00002198611867,0.44060234244283325
am,N_2025,non_vcep_gene,2641,127,6489,29540,94.66673461933763,78.36643803083838,116.99342803460735,0.40699645554014485
am,N_2026,stars_1,1823,101,4070,10487,46.507409930182206,38.563042272331174,57.32699197549799,0.4479115479115479
am,N_2026,stars_2plus,408,7,1069,569,31.023920887344648,17.647658349296822,82.25201705873816,0.3816651075771749
am,N_2026,vcep_gene,536,11,1262,831,32.085866589828555,16.791391719172328,82.27953420082909,0.4247226624405705
am,N_2026,non_vcep_gene,1695,97,3877,10225,46.08562524430357,38.025858029733904,56.85059733581865,0.4371937064740779
esm1b,C2019,stars_1,3430,91,11942,8385,26.46541617819461,21.87642800727928,33.49961428502601,0.28722157092614303
esm1b,C2019,stars_2plus,1086,26,4690,5176,46.097556175168116,33.11286543411196,69.55271146850009,0.23155650319829424
esm1b,C2019,vcep_gene,1352,14,4709,1334,27.35746139611079,17.352235862228362,50.8572959413489,0.28710978976428114
esm1b,C2019,non_vcep_gene,3164,103,11923,12227,31.50167295160125,26.146755324522797,38.90990148052746,0.2653694539964774
esm1b,N_2020,stars_1,1512,177,5095,20404,34.2097303770729,29.863969074235367,40.30920319146023,0.29676153091265944
esm1b,N_2020,stars_2plus,177,13,764,1994,35.535440998791785,23.364629123557133,66.92473179190588,0.23167539267015708
esm1b,N_2020,vcep_gene,386,12,1282,610,15.305512220488817,9.487200564233751,30.29732193313817,0.30109204368174725
esm1b,N_2020,non_vcep_gene,1303,178,4577,21788,34.84663670084669,29.94586296831939,40.90228852030207,0.284684291020319
esm1b,N_2021,stars_1,1405,48,4523,5505,35.625898187044,27.58186547738933,47.77567929732563,0.3106345346009286
esm1b,N_2021,stars_2plus,143,7,520,742,29.150000000000002,16.582474273596624,79.95200200171571,0.275
esm1b,N_2021,vcep_gene,267,7,920,493,20.439596273291926,11.67389649970295,63.333964580078046,0.2902173913043478
esm1b,N_2021,non_vcep_gene,1281,48,4123,5754,37.24469439728353,29.23905625327089,49.95250494341437,0.31069609507640067
esm1b,N_2022,stars_1,2028,112,6943,8154,21.265395773749514,16.592570541628163,27.26927055324606,0.29209275529310097
esm1b,N_2022,stars_2plus,199,1,810,616,151.33827160493826,53.042171377682905,1000000000000.0,0.24567901234567902
esm1b,N_2022,vcep_gene,427,19,1668,592,7.976271614287518,4.414294595451906,41.566988870144826,0.2559952038369305
esm1b,N_2022,non_vcep_gene,1800,94,6085,8178,25.735414954806902,21.22024503666304,31.843105563792797,0.29580936729663104
esm1b,N_2023,stars_1,1993,222,6722,31602,42.205629759482775,36.11871055384111,50.15447186570835,0.296489140136864
esm1b,N_2023,stars_2plus,261,14,986,1546,29.231092436974794,17.467233205566757,65.67190090611143,0.2647058823529412
esm1b,N_2023,vcep_gene,487,24,1734,1317,15.411836793540946,6.8778053689326475,51.33932008066839,0.2808535178777393
esm1b,N_2023,non_vcep_gene,1767,212,5974,31831,44.410509219195134,38.399400016660664,52.6047463506264,0.2957817207900904
esm1b,N_2024,stars_1,2067,158,7124,20306,37.28926822507623,31.039549574483644,45.76140541800476,0.29014598540145986
esm1b,N_2024,stars_2plus,448,11,1898,810,17.380975189194366,11.017507552627817,35.161264166743265,0.23603793466807166
esm1b,N_2024,vcep_gene,519,14,1999,956,17.72900736082327,11.117847263294495,39.131237273075726,0.25962981490745374
esm1b,N_2024,non_vcep_gene,1996,155,7023,20160,36.96550963883645,30.814572490508695,45.149889723558694,0.2842090274811334
esm1b,N_2025,stars_1,1902,103,6459,28101,80.33962093984911,66.08283130528505,100.31602774870942,0.29447282861124013
esm1b,N_2025,stars_2plus,347,7,1592,799,24.879127781765973,14.987371711908834,57.260637568925056,0.217964824120603
esm1b,N_2025,vcep_gene,440,6,1635,696,31.217125382262996,17.811707603990214,125.2175990578962,0.2691131498470948
esm1b,N_2025,non_vcep_gene,1809,104,6416,28204,76.46304311337042,62.88635031637895,95.23106791451615,0.2819513715710723
esm1b,N_2026,stars_1,1176,63,3954,9879,46.63834092058675,37.89926451267018,58.933370471792706,0.29742033383915023
esm1b,N_2026,stars_2plus,270,7,1026,511,19.210526315789473,11.328015659954431,44.56252645041481,0.2631578947368421
esm1b,N_2026,vcep_gene,299,11,1138,617,14.737418117910208,9.086431989346389,27.58544223046212,0.2627416520210896
esm1b,N_2026,non_vcep_gene,1147,59,3842,9773,49.451781822673574,39.553444450015725,63.955251241481314,0.2985424258198855
