tool,points,n_P,n_B,lr,lr_lo5,lr_hi95,target,verdict
revel,-4,7,9244,0.0019154394182918737,0.0008124191222079597,0.00314339022554168,0.02984128414537938,insufficient
revel,-3,74,25711,0.007280195951255249,0.005610234505893538,0.009231126148215429,0.0717981296537828,meets
revel,-2,622,39153,0.040184230630870205,0.036199649340162995,0.04506343641730941,0.1727462999470014,meets
revel,-1,1029,15524,0.16766486288684884,0.15021783714571513,0.18687422171849088,0.4156275976724854,meets
revel,1,5760,2354,6.189368528965582,5.50015925325759,7.031858191123204,2.406,meets
revel,2,8363,1129,18.736931638774788,16.149087267515956,21.98098350028265,5.788836000000001,meets
revel,3,7555,380,50.28994833805397,43.34290780932447,59.24855967394178,13.927939416000003,meets
revel,4,13618,205,168.03114478067837,139.02337042919348,205.9305589058145,33.510622234896005,meets
am,-3,118,37838,0.00818093028548597,0.006847063736721539,0.009657479419682678,0.0717981296537828,meets
am,-2,468,32271,0.03804365959744465,0.03425920297192221,0.04206626678214963,0.1727462999470014,meets
am,-1,1271,20166,0.1653387481449559,0.1500701474574555,0.18265327692767178,0.4156275976724854,meets
am,1,4941,1564,8.287565284270556,7.5164356881748215,9.177340567895616,2.406,meets
am,2,6988,1151,15.926723118539666,14.522315765832527,17.598491093653337,5.788836000000001,meets
am,3,5164,464,29.195580203360873,26.032376723093233,33.10420221434273,13.927939416000003,meets
am,4,13698,425,84.5506769664627,73.68547893665625,97.3961642373663,33.510622234896005,meets
bayesdel,-3,181,56449,0.008204933466978655,0.006880661631431655,0.009668828202335479,0.0717981296537828,meets
bayesdel,-2,458,21342,0.05491400312228602,0.04838650820651466,0.06247006748797477,0.1727462999470014,meets
bayesdel,-1,1364,16620,0.21000812260222987,0.19024650697003487,0.23335948175505952,0.4156275976724854,meets
bayesdel,1,5734,2656,5.5243649294354045,4.969431833002838,6.198831059568028,2.406,meets
bayesdel,2,8281,1440,14.715432610139638,13.023263175851842,16.80380647326149,5.788836000000001,meets
bayesdel,3,6180,430,36.77670034350269,31.58149862822082,43.80371313263895,13.927939416000003,meets
bayesdel,4,15850,299,135.64719571773364,115.71329794597584,161.19123487728265,33.510622234896005,meets
esm1b,-3,0,6,0.0,0.0,0.0,0.0717981296537828,insufficient
esm1b,-2,525,29797,0.04522643285950436,0.03988705203368403,0.05125362458860803,0.1727462999470014,meets
esm1b,-1,2724,55018,0.1270889749414481,0.11697244813887112,0.13758665345109616,0.4156275976724854,meets
esm1b,1,6946,2683,6.645377839537951,6.121164442253287,7.234001438319845,2.406,meets
esm1b,2,9628,1674,14.763393670977146,13.478387791584604,16.102493045741376,5.788836000000001,meets
esm1b,3,12148,748,41.68777901177282,36.67215961808009,47.514298018777126,13.927939416000003,meets
esm1b,4,0,0,,,,33.510622234896005,insufficient
varity_r,-4,58,33381,0.004396631611300624,0.0033553462025511277,0.005550846586463557,0.02984128414537938,meets
varity_r,-3,118,20018,0.014916012880119513,0.012218835746339285,0.0177881184678894,0.0717981296537828,meets
varity_r,-2,363,16420,0.05594031397109064,0.04965794682050869,0.06274074313761234,0.1727462999470014,meets
varity_r,-1,1220,16510,0.18698388748358136,0.17005485178514188,0.20545349317511183,0.4156275976724854,meets
varity_r,1,6855,2809,6.175144821106683,5.558847403429295,6.849636158164342,2.406,meets
varity_r,2,6804,1048,16.42836902134912,14.650774037414708,18.369629825913396,5.788836000000001,meets
varity_r,3,9316,589,40.02262893429987,35.22000517133522,45.439380438536745,13.927939416000003,meets
varity_r,4,10483,187,141.85198144567474,109.49454847191932,185.77210172150888,33.510622234896005,meets
cadd,-4,31,17047,0.004665669545788934,0.0031399217522226895,0.006432018409998103,0.02984128414537938,meets
cadd,-2,757,53471,0.03632267429950116,0.032610353816139644,0.039977588050524315,0.1727462999470014,meets
cadd,-1,3018,20140,0.384467835279878,0.350426909009869,0.42200441565394375,0.4156275976724854,inconclusive
cadd,1,13502,6462,5.3608220735758305,5.0129481067468555,5.725514196843939,2.406,meets
cadd,2,18997,3688,13.215827261807904,12.162778906982972,14.41202256392481,5.788836000000001,meets
