date,year,bus,train,ratio,holiday,disrupted,eligible
2023-09-19,2023,245888,55475,0.2256108472149922,False,False,True
2023-09-20,2023,244637,54849,0.22420565981433715,False,False,True
2023-09-21,2023,244668,55599,0.2272426308303497,False,False,True
2024-09-17,2024,233974,53046,0.22671749852547718,False,False,True
2024-09-18,2024,256909,58013,0.22581147410172472,False,False,True
2024-09-19,2024,253887,55549,0.21879418796551223,False,False,True
2025-09-16,2025,251376,56391,0.22432929157914835,False,False,True
2025-09-17,2025,254611,56686,0.22263767079976907,False,False,True
2025-09-18,2025,233084,52617,0.22574265071819602,False,False,True
2026-09-15,2026,278319,84821,0.30476180210477904,False,False,True
2026-09-16,2026,276364,84680,0.30640749156909003,False,False,True
2026-09-17,2026,278203,85818,0.30847259015898465,False,False,True
