month,coef,fe
2018-07-01,2.583279747313605,dsg + sm + dm + gm
2018-08-01,2.3098373379810058,dsg + sm + dm + gm
2018-09-01,1.805075226543179,dsg + sm + dm + gm
2018-10-01,2.0895166471772972,dsg + sm + dm + gm
2018-11-01,2.5557652421608754,dsg + sm + dm + gm
2018-12-01,3.644880937246186,dsg + sm + dm + gm
2019-01-01,3.691227170816318,dsg + sm + dm + gm
2019-02-01,4.819695473909505,dsg + sm + dm + gm
2019-03-01,6.365211440607419,dsg + sm + dm + gm
2019-04-01,6.383280746428841,dsg + sm + dm + gm
2019-05-01,7.34555798548493,dsg + sm + dm + gm
2019-06-01,8.039208190383198,dsg + sm + dm + gm
2019-07-01,5.280484265053845,dsg + sm + dm + gm
2019-08-01,5.0399015494549895,dsg + sm + dm + gm
2019-09-01,3.286913811672641,dsg + sm + dm + gm
2019-10-01,3.257761302630902,dsg + sm + dm + gm
2019-11-01,2.8871041460977223,dsg + sm + dm + gm
2019-12-01,3.900689616630325,dsg + sm + dm + gm
2020-01-01,1.666819816547048,dsg + sm + dm + gm
2020-02-01,0.3406003498972092,dsg + sm + dm + gm
2020-03-01,2.1101833911165384,dsg + sm + dm + gm
2020-04-01,2.2847578750695297,dsg + sm + dm + gm
2020-05-01,1.0582020002267463,dsg + sm + dm + gm
2020-06-01,4.072927445683185,dsg + sm + dm + gm
2020-07-01,2.0289882302836917,dsg + sm + dm + gm
2020-08-01,0.001315230936025813,dsg + sm + dm + gm
2020-09-01,0.31755283039494886,dsg + sm + dm + gm
2020-10-01,-0.22130675755045814,dsg + sm + dm + gm
2020-11-01,0.3660212287860847,dsg + sm + dm + gm
2020-12-01,-0.001167125803620106,dsg + sm + dm + gm
2021-01-01,0.4900903550568576,dsg + sm + dm + gm
2021-02-01,1.1818669013055474,dsg + sm + dm + gm
2021-03-01,0.9317932451018187,dsg + sm + dm + gm
2021-04-01,-0.6325671479910322,dsg + sm + dm + gm
2021-05-01,-0.7938868663120071,dsg + sm + dm + gm
2021-06-01,-0.9327735281819698,dsg + sm + dm + gm
2021-07-01,0.5158154645643589,dsg + sm + dm + gm
2021-08-01,2.33014206979554,dsg + sm + dm + gm
2021-09-01,3.6993838433369017,dsg + sm + dm + gm
2021-10-01,2.7024591083518716,dsg + sm + dm + gm
2021-11-01,0.6613961606205758,dsg + sm + dm + gm
2021-12-01,-3.3392631051574964,dsg + sm + dm + gm
2022-01-01,-2.216100893325787,dsg + sm + dm + gm
2022-02-01,-0.7696752600041554,dsg + sm + dm + gm
2022-03-01,-0.5983647966454257,dsg + sm + dm + gm
2022-04-01,-1.6514708713085446,dsg + sm + dm + gm
2022-05-01,-3.500586999629818,dsg + sm + dm + gm
2022-06-01,-1.0721551966297214,dsg + sm + dm + gm
2022-07-01,-1.2349477225610088,dsg + sm + dm + gm
2022-08-01,-2.546178976374558,dsg + sm + dm + gm
2022-09-01,-0.7874505207718148,dsg + sm + dm + gm
2022-10-01,0.5345348938483374,dsg + sm + dm + gm
2022-11-01,2.103466664118075,dsg + sm + dm + gm
2022-12-01,2.031327537887332,dsg + sm + dm + gm
2023-01-01,3.1376685998853433,dsg + sm + dm + gm
2023-02-01,3.2359317971105948,dsg + sm + dm + gm
2023-03-01,3.764481813014435,dsg + sm + dm + gm
2023-04-01,5.758819359237132,dsg + sm + dm + gm
2023-05-01,5.818046227528076,dsg + sm + dm + gm
2023-06-01,5.952953731939283,dsg + sm + dm + gm
2023-07-01,4.209929325967305,dsg + sm + dm + gm
2023-08-01,3.424983177808665,dsg + sm + dm + gm
2023-09-01,2.5949417327394966,dsg + sm + dm + gm
2023-10-01,2.07087807003343,dsg + sm + dm + gm
2023-11-01,2.650402496241411,dsg + sm + dm + gm
2023-12-01,2.228200553804621,dsg + sm + dm + gm
2024-01-01,2.479085356818146,dsg + sm + dm + gm
2024-02-01,4.9571019810411965,dsg + sm + dm + gm
2024-03-01,7.438647234598262,dsg + sm + dm + gm
2024-04-01,8.688940493654687,dsg + sm + dm + gm
2024-05-01,8.534596602764369,dsg + sm + dm + gm
2024-06-01,6.465319331095698,dsg + sm + dm + gm
2024-07-01,6.124745734842863,dsg + sm + dm + gm
2024-09-01,4.310081470381525,dsg + sm + dm + gm
2024-10-01,4.704925811942071,dsg + sm + dm + gm
2024-11-01,6.713567391708423,dsg + sm + dm + gm
2024-12-01,7.6191229510101355,dsg + sm + dm + gm
2025-01-01,8.417318107083828,dsg + sm + dm + gm
2025-02-01,9.926222245929514,dsg + sm + dm + gm
2025-03-01,9.156610542251105,dsg + sm + dm + gm
2025-04-01,8.566181831519135,dsg + sm + dm + gm
2025-05-01,11.59290145540624,dsg + sm + dm + gm
2025-06-01,11.481345999792543,dsg + sm + dm + gm
2025-07-01,10.942837427588312,dsg + sm + dm + gm
2025-08-01,8.755158512279415,dsg + sm + dm + gm
2025-09-01,8.052482842992237,dsg + sm + dm + gm
2025-10-01,7.95694120203051,dsg + sm + dm + gm
2025-11-01,7.663950311955951,dsg + sm + dm + gm
2025-12-01,8.366248194228966,dsg + sm + dm + gm
2026-01-01,5.4968035618263835,dsg + sm + dm + gm
2026-02-01,3.4757191661742404,dsg + sm + dm + gm
2026-03-01,3.860914395219557,dsg + sm + dm + gm
2026-04-01,2.405115514385007,dsg + sm + dm + gm
2026-05-01,3.9258364732101914,dsg + sm + dm + gm
2026-06-01,4.518136925182116,dsg + sm + dm + gm
