sources,sig,n,traced_own,traced_chance,corrected
results only,1,327,0.9602446483180428,0.8886850152905199,0.6428571428571426
results only,2,969,0.9411764705882353,0.8571723426212591,0.5881502890173408
results only,3,801,0.920099875156055,0.6674157303370787,0.7597597597597598
results only,4,103,0.7475728155339806,0.33980582524271846,0.6176470588235294
results only,5,56,0.5,0.025,0.48717948717948717
results+plan+deviations,1,327,0.9938837920489296,0.8899082568807339,0.9444444444444441
results+plan+deviations,2,969,0.977296181630547,0.8699690402476781,0.8253968253968256
results+plan+deviations,3,801,0.951310861423221,0.6736579275905119,0.8508033664881407
results+plan+deviations,4,103,0.8349514563106796,0.36893203883495146,0.7384615384615385
results+plan+deviations,5,56,0.6607142857142857,0.025,0.652014652014652
