outcome,e,att,lo,hi
Y_LO,-12,0.01182999197593542,-0.04407036606707426,0.05946567972244304
Y_LO,-11,0.005106472427159371,-0.06792693834931735,0.06410757928098311
Y_LO,-10,0.01236197385488884,-0.04484423605294757,0.057928120489070825
Y_LO,-9,0.017498262040605814,-0.02829900341339412,0.05109547106423789
Y_LO,-8,-0.0025785990703849314,-0.053136681293406575,0.038226797442020545
Y_LO,-7,-0.008360915512313395,-0.060992309042657664,0.03527847901270324
Y_LO,-6,-0.014096193216533775,-0.06937665479881694,0.02690779230115195
Y_LO,-5,-0.024049137345492907,-0.07992323659070051,0.02079193332142773
Y_LO,-4,-0.022118259234237322,-0.06973471497971365,0.01981294619240293
Y_LO,-3,-0.005650689990186824,-0.031126008324134452,0.01905670459931328
Y_LO,-2,-0.013630765594327715,-0.027263285710089458,0.0005779434053701071
Y_LO,1,0.008899592374865773,-0.028753036122716773,0.050547042159817
Y_LO,2,0.0179571864474864,-0.024507650932742573,0.05558315579256714
Y_LO,3,0.013668952101188464,-0.05109160251542068,0.07963256924050782
Y_LO,4,0.023121002792571677,-0.052564752917619494,0.0793285535379934
Y_LO,5,0.03403570710957974,-0.10628349834976421,0.07462609003859112
Y_LO,6,0.009840012432398137,-0.08897288410616311,0.07173937902313816
Y_REG,-12,-0.0012217930396193042,-0.007742021551423875,0.0057752724094014595
Y_REG,-11,-0.00369937319141344,-0.009556212055606682,0.0018028647188171514
Y_REG,-10,-0.002101381918916025,-0.0074317121195510765,0.002247698269217771
Y_REG,-9,-0.003721343761114081,-0.009504455116906526,0.0012412588951350558
Y_REG,-8,-0.0012013260334426549,-0.005761464877553706,0.0038164296198355202
Y_REG,-7,-0.0027938480035866195,-0.007355828896908898,0.0011911716616733212
Y_REG,-6,-0.001774940585620089,-0.0060802249905484934,0.00221658034534718
Y_REG,-5,-0.004554685586431725,-0.009900554104992503,0.0003992996818857729
Y_REG,-4,-0.0031673351882318826,-0.007956865390660236,0.0013940094195981972
Y_REG,-3,-0.002417786186114063,-0.007350112881809529,0.0016866072467380494
Y_REG,-2,-0.0023212243902047056,-0.006960498139957679,0.0013077389608062721
Y_REG,1,-0.0004567428595333286,-0.004634238139548005,0.003717446195258668
Y_REG,2,-0.005294788761585281,-0.011775779824362663,-0.00023443558294690645
Y_REG,3,-0.0037537751323353805,-0.008332969135901848,0.0014810355483050926
Y_REG,4,-0.0019573014428062242,-0.006038963923578044,0.003915058634782775
Y_REG,5,-0.00029290305673383775,-0.0060689876816085305,0.005806557632709357
Y_REG,6,-0.004029831618126637,-0.010324565073805452,0.002397161394299577
GAP,-12,0.013051785015554726,-0.04230066639794265,0.059961933451119116
GAP,-11,0.008805845618572812,-0.06305310621746292,0.0692254071042491
GAP,-10,0.014463355773804861,-0.043397727624752656,0.06085652075273144
GAP,-9,0.021219605801719894,-0.026071763562581333,0.05663826883066566
GAP,-8,-0.0013772730369422863,-0.05240202655998395,0.04079686595256058
GAP,-7,-0.005567067508726785,-0.059327385394210994,0.03926006135927642
GAP,-6,-0.012321252630913692,-0.06735980243590299,0.028800923222150332
GAP,-5,-0.01949445175906119,-0.07315969059188238,0.025299471987859107
GAP,-4,-0.01895092404600544,-0.06575993391935578,0.024035105139892047
GAP,-3,-0.0032329038040727607,-0.03008450294173529,0.023480835103504807
GAP,-2,-0.011309541204123003,-0.02535230923639819,0.0037913517158397595
GAP,1,0.009356335234399101,-0.029543231413349576,0.05272613249984388
GAP,2,0.02325197520907169,-0.02077746662487866,0.06257564527553976
GAP,3,0.017422727233523852,-0.04678740092228489,0.08153071096969333
GAP,4,0.025078304235377914,-0.05138531541353431,0.07707381247154393
GAP,5,0.03432861016631358,-0.10296771465403044,0.07656187615685674
GAP,6,0.01386984405052477,-0.08419875339091312,0.07289329683019141
logN_LO,-12,-0.032453110640957954,-0.12531559236151896,0.09972799958741295
logN_LO,-11,0.019990520596589095,-0.08487760558881696,0.1763754477676075
logN_LO,-10,-0.02118685514421269,-0.1435864075922009,0.12708807526316554
logN_LO,-9,-0.047643585719345544,-0.151038706381222,0.06987527331400215
logN_LO,-8,-0.035729735425793496,-0.1409916433179398,0.07433923985504608
logN_LO,-7,-0.02442121711660053,-0.11707043007444008,0.08639809598662843
logN_LO,-6,0.019018888233202615,-0.07831723924815022,0.13292078070491103
logN_LO,-5,0.021647395611382195,-0.05818321779019433,0.11218909853421123
logN_LO,-4,-0.018479962031331596,-0.09485032726129915,0.06609348800955554
logN_LO,-3,-0.02493808281833174,-0.09259368491049869,0.04820797202093828
logN_LO,-2,0.029816530038516136,-0.03596408806295168,0.09418805879686741
logN_LO,1,0.0001734290768432624,-0.08468953138684654,0.1097578909881184
logN_LO,2,-0.002198746539059325,-0.14005293051424827,0.1045203945963754
logN_LO,3,-0.049627421367799525,-0.11730567909514243,0.06922572874428647
logN_LO,4,-0.05266261880609427,-0.145213730199262,0.09380288232914952
logN_LO,5,-0.03783563471284321,-0.1605005212986842,0.2620700782137093
logN_LO,6,-0.051876050952437656,-0.1639427005934635,0.20566442252215927
logACCT,-12,0.10093841818090486,-0.022640979888172826,0.23751153110314155
logACCT,-11,0.12948466286686555,-0.006562705748357729,0.3049312492149268
logACCT,-10,0.14905618093564937,0.033960229003322545,0.2790297798062361
logACCT,-9,0.08975035764444018,-0.012787469664335449,0.19762378011096493
logACCT,-8,0.09656026240287335,-0.013747599283039412,0.21533583305779366
logACCT,-7,0.07362918751268521,-0.01386283761570436,0.17641230610916755
logACCT,-6,0.07003773123612629,-0.0333016646367393,0.1659550414658653
logACCT,-5,0.07092901070180259,-0.02916113722444243,0.19141193302307663
logACCT,-4,0.0068656409063619205,-0.09947444636381128,0.10701764647243396
logACCT,-3,0.06672467551092769,-0.009453066457564378,0.14811873591389546
logACCT,-2,0.047752365628940883,-0.01917740858611818,0.1037921177126991
logACCT,1,0.1377551185827659,0.025891393481985284,0.2625931211374743
logACCT,2,0.14046494215790054,0.015808748859131947,0.25329461291124294
logACCT,3,0.0845521830706546,-0.10706881269482914,0.1709606640216645
logACCT,4,0.10612465966521983,-0.0010655429301202504,0.2140240113518835
logACCT,5,0.0675765937754932,-0.05988667455122076,0.14345721167209985
logACCT,6,0.04088665363546355,-0.06405918056313767,0.3435175111670929
