wiki,treatment_date
arwiki,2025-06-24
azwiki,2025-06-30
bgwiki,2025-09-02
bnwiki,2025-09-10
cawiki,2025-09-10
cswiki,2025-06-17
dawiki,2024-11-05
dewiki,2025-06-30
elwiki,2025-09-10
enwiki,2025-11-04
eswiki,2025-11-12
etwiki,2025-09-02
fawiki,2025-06-24
fiwiki,2025-09-10
frwiki,2025-06-24
hewiki,2025-06-30
hiwiki,2025-06-24
hrwiki,2025-09-02
huwiki,2025-11-12
idwiki,2025-06-24
itwiki,2025-09-23
jawiki,2025-06-30
kowiki,2025-06-17
mswiki,2025-09-02
nlwiki,2025-06-30
nowiki,2024-11-05
plwiki,2025-06-24
rowiki,2024-11-05
simplewiki,2025-09-10
skwiki,2025-09-02
slwiki,2025-09-02
srwiki,2024-11-05
svwiki,2025-09-10
thwiki,2025-09-10
trwiki,2025-06-17
ukwiki,2025-06-30
viwiki,2025-06-24
zh_yuewiki,2024-11-05
zhwiki,2025-06-24
