dbname,project,anon_content_edits_2024,rank
enwiki,en.wikipedia.org,6801187.0,1
eswiki,es.wikipedia.org,1343937.0,2
itwiki,it.wikipedia.org,1214115.0,3
frwiki,fr.wikipedia.org,932695.0,4
dewiki,de.wikipedia.org,776265.0,5
ruwiki,ru.wikipedia.org,732012.0,6
jawiki,ja.wikipedia.org,659909.0,7
kowiki,ko.wikipedia.org,483095.0,8
zhwiki,zh.wikipedia.org,388347.0,9
fawiki,fa.wikipedia.org,286624.0,10
hewiki,he.wikipedia.org,222132.0,11
plwiki,pl.wikipedia.org,205843.0,12
nlwiki,nl.wikipedia.org,161728.0,13
ukwiki,uk.wikipedia.org,152254.0,14
thwiki,th.wikipedia.org,144775.0,15
simplewiki,simple.wikipedia.org,138399.0,16
idwiki,id.wikipedia.org,131242.0,17
mswiki,ms.wikipedia.org,124896.0,18
trwiki,tr.wikipedia.org,115242.0,19
arwiki,ar.wikipedia.org,112172.0,20
viwiki,vi.wikipedia.org,111121.0,21
cswiki,cs.wikipedia.org,107685.0,22
fiwiki,fi.wikipedia.org,98794.0,23
svwiki,sv.wikipedia.org,92989.0,24
elwiki,el.wikipedia.org,82575.0,25
huwiki,hu.wikipedia.org,62038.0,26
bgwiki,bg.wikipedia.org,56679.0,27
srwiki,sr.wikipedia.org,51997.0,28
bnwiki,bn.wikipedia.org,45348.0,29
nowiki,no.wikipedia.org,44692.0,30
rowiki,ro.wikipedia.org,42125.0,31
cawiki,ca.wikipedia.org,41757.0,32
skwiki,sk.wikipedia.org,35744.0,33
hiwiki,hi.wikipedia.org,33905.0,34
zh_yuewiki,zh-yue.wikipedia.org,33495.0,35
slwiki,sl.wikipedia.org,31005.0,36
dawiki,da.wikipedia.org,30166.0,37
etwiki,et.wikipedia.org,23297.0,38
azwiki,az.wikipedia.org,23018.0,39
hrwiki,hr.wikipedia.org,16864.0,40
