method,n0,rbar,n_eq,flag,G,G_lo,G_hi,key,domain,lam_median
HEB-0,15,0.9232192399810791,15.0,,1.0,0.9999999999999883,1.0000000000000235,ds002785_workingmemory,Working memory,
HEB-Q,15,0.9235017972322667,15.078937511062326,,1.0052625007374885,1.003529502271212,1.0070681670191515,ds002785_workingmemory,Working memory,
HEB-W,15,0.9234313285079756,15.059211993472617,,1.0039474662315078,1.0027141577375325,1.005204477334959,ds002785_workingmemory,Working memory,
ORACLE-Q,15,0.9240619844050614,15.236666289993522,,1.0157777526662348,1.0138673878475366,1.0179126385014956,ds002785_workingmemory,Working memory,0.97
ORACLE-W,15,0.9238153831300565,15.167029872646493,,1.0111353248430996,1.009840026588498,1.012444800673794,ds002785_workingmemory,Working memory,0.97
S,15,0.9232192399810792,15.000000000000034,,1.0000000000000022,0.9999999999999889,1.000000000000023,ds002785_workingmemory,Working memory,
HEB-0,15,0.8165347149829424,14.999999999999986,,0.999999999999999,0.9999999999999937,1.000000000000011,ds002785_emomatching,Emotion processing,
HEB-Q,15,0.8244176547736577,16.100977699544828,,1.0733985133029884,1.0665790040196574,1.0813003765891587,ds002785_emomatching,Emotion processing,
HEB-W,15,0.8163549304867364,14.980518475696428,,0.9987012317130952,0.9981765611354214,0.9991443257553649,ds002785_emomatching,Emotion processing,
ORACLE-Q,15,0.8262732468517643,16.371677562216554,,1.091445170814437,1.0837550015098858,1.1010997958530235,ds002785_emomatching,Emotion processing,0.86
ORACLE-W,15,0.8167439038112018,15.02822056736339,,1.0018813711575594,1.0014083514857937,1.0024080839657905,ds002785_emomatching,Emotion processing,1.0
S,15,0.8165347149829425,15.0,,1.0,0.9999999999999937,1.0000000000000107,ds002785_emomatching,Emotion processing,
HEB-0,15,0.3400105368694815,14.999999999999947,,0.9999999999999964,0.9999999999999667,1.0000000000000235,ds002785_gstroop,Cognitive conflict,
HEB-Q,15,0.31942277513358885,12.826348453158483,,0.8550898968772321,0.7932703215501392,0.9006070531534147,ds002785_gstroop,Cognitive conflict,
HEB-W,15,0.2734324412490122,10.0,<,0.6666666666666666,0.6666666666666666,0.6724432583771737,ds002785_gstroop,Cognitive conflict,
ORACLE-Q,15,0.3872122823619319,20.830654621928687,,1.3887103081285792,1.295278847558014,1.4805919352799004,ds002785_gstroop,Cognitive conflict,0.66
ORACLE-W,15,0.35119836580700237,16.210415190998212,,1.0806943460665475,1.0621989813630635,1.1131494115954832,ds002785_gstroop,Cognitive conflict,0.8300000000000001
S,15,0.34001053686948196,15.0,,1.0,0.9999999999999972,1.0000000000000036,ds002785_gstroop,Cognitive conflict,
HEB-0,15,0.8986849292617085,15.00000000000002,,1.0000000000000013,0.9999999999999883,1.0000000000000138,ds002785_faces,Face perception,
HEB-Q,15,0.903484193752331,16.03043109630408,,1.068695406420272,1.063967609128691,1.0740243049171017,ds002785_faces,Face perception,
HEB-W,15,0.8986844833252284,14.999924562450905,,0.9999949708300604,0.9999844259849375,1.0000000000000107,ds002785_faces,Face perception,
ORACLE-Q,15,0.9041436511729801,16.177446221906244,,1.0784964147937497,1.0736357681996622,1.0841644024760846,ds002785_faces,Face perception,0.89
ORACLE-W,15,0.8987225615018789,15.007816469355115,,1.0005210979570076,1.0003898395190844,1.0006782104008125,ds002785_faces,Face perception,1.0
S,15,0.8986849292617084,15.0,,1.0,0.9999999999999883,1.0000000000000133,ds002785_faces,Face perception,
HEB-0,15,0.3484551249247067,14.99999999999984,,0.9999999999999893,0.999999999999967,1.000000000000004,ds002785_anticipation,Anticipation,
HEB-Q,15,0.28694111534872624,10.0,<,0.6666666666666666,0.6666666666666666,0.6666666666666666,ds002785_anticipation,Anticipation,
HEB-W,15,0.2790533455201215,10.0,<,0.6666666666666666,0.6666666666666666,0.6666666666666666,ds002785_anticipation,Anticipation,
ORACLE-Q,15,0.36883786946433866,17.02793906870872,,1.1351959379139145,1.1155054228582604,1.1616926077638785,ds002785_anticipation,Anticipation,0.76
ORACLE-W,15,0.3518071838696186,15.316092192297887,,1.0210728128198592,1.017364710959348,1.0256350993792842,ds002785_anticipation,Anticipation,0.93
S,15,0.34845512492470804,15.0,,1.0,0.9999999999999951,1.0000000000000018,ds002785_anticipation,Anticipation,
HEB-0,15,0.8302147354346152,15.000000000000012,,1.0000000000000009,0.9999999999999942,1.0000000000000098,ds002790_stopsignal,Response inhibition,
HEB-Q,15,0.8302147354346152,15.000000000000012,,1.0000000000000009,0.9999999999999942,1.0000000000000098,ds002790_stopsignal,Response inhibition,
HEB-W,15,0.8302147354346152,15.000000000000012,,1.0000000000000009,0.9999999999999942,1.0000000000000098,ds002790_stopsignal,Response inhibition,
ORACLE-Q,15,0.8302340773541146,15.002473343965459,,1.0001648895976973,1.0000833750810405,1.0002793662699003,ds002790_stopsignal,Response inhibition,1.0
ORACLE-W,15,0.8302505796186193,15.004583890043483,,1.0003055926695654,1.0001945841517945,1.0004353953240908,ds002790_stopsignal,Response inhibition,1.0
S,15,0.8302147354346152,15.000000000000012,,1.0000000000000009,0.9999999999999942,1.0000000000000098,ds002790_stopsignal,Response inhibition,
HEB-0,15,0.9248369607343421,14.99999999999998,,0.9999999999999987,0.9999999999999836,1.0000000000000155,ds002790_workingmemory,Working memory (PIOP2 replication),
HEB-Q,15,0.9250628000046247,15.059496176265922,,1.0039664117510614,1.0021327669030544,1.0058031795457638,ds002790_workingmemory,Working memory (PIOP2 replication),
HEB-W,15,0.924941022267639,15.027385210211502,,1.0018256806807668,1.000792664089599,1.0029010377250402,ds002790_workingmemory,Working memory (PIOP2 replication),
ORACLE-Q,15,0.9258223690126112,15.261337657537725,,1.017422510502515,1.0154142253728529,1.0195689570594153,ds002790_workingmemory,Working memory (PIOP2 replication),0.97
ORACLE-W,15,0.9253972188969849,15.148030810199284,,1.0098687206799524,1.0086107142490084,1.0112926999718364,ds002790_workingmemory,Working memory (PIOP2 replication),0.98
S,15,0.9248369607343421,14.99999999999998,,0.9999999999999987,0.9999999999999845,1.0000000000000169,ds002790_workingmemory,Working memory (PIOP2 replication),
HEB-0,15,0.8225745905875638,14.999999999999986,,0.999999999999999,0.9999999999999893,1.0000000000000062,ds002790_emomatching,Emotion processing (PIOP2 replication),
HEB-Q,15,0.8298219526589105,16.084086724041654,,1.0722724482694437,1.0647214004397616,1.0807960065121134,ds002790_emomatching,Emotion processing (PIOP2 replication),
HEB-W,15,0.8221723148797934,14.95271351735987,,0.9968475678239913,0.9959726394792743,0.9976114214437584,ds002790_emomatching,Emotion processing (PIOP2 replication),
ORACLE-Q,15,0.8320962149788,16.440170942262483,,1.0960113961508322,1.0876910354679938,1.1059348243335043,ds002790_emomatching,Emotion processing (PIOP2 replication),0.86
ORACLE-W,15,0.8228931181301655,15.046074063252966,,1.0030716042168644,1.0024470330873785,1.0037846933369428,ds002790_emomatching,Emotion processing (PIOP2 replication),1.0
S,15,0.8225745905875639,15.0,,1.0,0.9999999999999889,1.0000000000000062,ds002790_emomatching,Emotion processing (PIOP2 replication),
