analysis,outcome,term,est,lo,hi,se,n_units,n_high,n_low,n_sh,n_clusters,verdict
PRIMARY post (E1->E2),d_post_c3,high,-1.371668446166632,-1.7137987657867308,-1.029538126546533,0.17455949171520443,160209,51520,80429,28260,525,Inconclusive
PRIMARY post (E1->E2),d_post_c3,low,-0.8644795929209617,-1.18859552602168,-0.5403636598202433,0.1653683093672733,160209,51520,80429,28260,525,
PRIMARY pre-trend (E0->E1),d_pre_c3,high,0.8329485986220779,0.4924767838016204,1.1734204134425354,0.1737133002547279,160209,51520,80429,28260,525,
PRIMARY pre-trend (E0->E1),d_pre_c3,low,0.6276038089352831,0.3137382203497329,0.9414693975208333,0.16013844569877314,160209,51520,80429,28260,525,
threshold 2 m: post,d_post_c2,high,-1.6683566240966592,-2.073102561626191,-1.2636106865671275,0.20650682233425297,160209,51520,80429,28260,525,
threshold 2 m: post,d_post_c2,low,-1.1361222813397651,-1.5175175752259507,-0.7547269874535796,0.19459300981354025,160209,51520,80429,28260,525,
threshold 2 m: pre,d_pre_c2,high,0.6969513197406785,0.27323459276421463,1.1206680467171424,0.216185974322214,160209,51520,80429,28260,525,
threshold 2 m: pre,d_pre_c2,low,0.6703158807581429,0.28476549810312435,1.0558662634131615,0.19671299200139314,160209,51520,80429,28260,525,
threshold 5 m: post,d_post_c5,high,-0.8253204145852109,-1.0757866078203249,-0.5748542213500969,0.12779122128524506,160209,51520,80429,28260,525,
threshold 5 m: post,d_post_c5,low,-0.43692995976441606,-0.6798206838680378,-0.19403923566079434,0.12392611502232782,160209,51520,80429,28260,525,
threshold 5 m: pre,d_pre_c5,high,0.6529141434936392,0.4413890830665378,0.8644392039207406,0.10792293145542542,160209,51520,80429,28260,525,
threshold 5 m: pre,d_pre_c5,low,0.4606346839452144,0.2678887396888163,0.6533806282016125,0.09834157375155772,160209,51520,80429,28260,525,
mechanism: not redeveloped (|d building| < 10 pp),d_post_c3,high,-0.9232708357186841,-1.238872966382909,-0.6076687050544591,0.1610244528288402,144012,45489,72046,26477,522,
mechanism: not redeveloped (|d building| < 10 pp),d_post_c3,low,-0.6236058497875735,-0.9359113027724316,-0.3113003968027154,0.15934244352695157,144012,45489,72046,26477,522,
mechanism: redeveloped (|d building| >= 10 pp),d_post_c3,high,-3.570237600795885,-4.458863698360341,-2.681611503231429,0.45338898957555146,15063,5497,7903,1663,502,
mechanism: redeveloped (|d building| >= 10 pp),d_post_c3,low,-2.5545484125037534,-3.3249568481361367,-1.78413997687137,0.3930727480874054,15063,5497,7903,1663,502,
E1 collection N,d_post_c3,high,-1.4503716005833922,-1.8232379670605257,-1.0775052341062588,0.19024143631063298,104889,36543,45380,22966,332,
E1 collection N,d_post_c3,low,-0.6775340530666993,-1.039733800733961,-0.31533430539943785,0.18479918389687844,104889,36543,45380,22966,332,
E1 collection N: pre,d_pre_c3,high,0.8998777335952338,0.46519472152760977,1.3345607456628579,0.22178112050406235,104889,36543,45380,22966,332,
E1 collection N: pre,d_pre_c3,low,0.5854516857533387,0.17445155166910314,0.9964518198375742,0.20969779755354465,104889,36543,45380,22966,332,
E1 collection S,d_post_c3,high,-1.1121361805368462,-1.877262107623727,-0.3470102534499653,0.39037754116242995,55320,14977,35049,5294,193,
E1 collection S,d_post_c3,low,-1.0284403162523001,-1.7181490404438722,-0.3387315920607282,0.35189866966514277,55320,14977,35049,5294,193,
E1 collection S: pre,d_pre_c3,high,0.6152468408474934,0.1997234667470642,1.0307702149479225,0.21200561546050292,55320,14977,35049,5294,193,
E1 collection S: pre,d_pre_c3,low,0.5929277481445124,0.18019346406044545,1.0056620322285794,0.21058258421280543,55320,14977,35049,5294,193,
zone boundary (<= 100 m): post,d_post_c3,high,0.06149553998902391,-0.4879253985847166,0.6109164785627644,0.28032195416535227,5676,2962,0,2714,152,
zone boundary (<= 100 m): pre,d_pre_c3,high,-0.6254671112198837,-1.192047497591252,-0.058886724848515426,0.2890769352760399,5676,2962,0,2714,152,
